event_id,date,machine_id,shift,reason,duration_min
1,2023-01-01,WELD-01,Night,Tooling Change,30
2,2023-01-01,WELD-01,Night,Planned Maintenance,13
3,2023-01-02,PRESS-01,Night,Planned Maintenance,67
4,2023-01-02,PRESS-01,Night,Operator Absence,31
5,2023-01-02,PRESS-01,Afternoon,Operator Absence,59
6,2023-01-02,CNC-01,Night,Tooling Change,55
7,2023-01-03,CNC-02,Afternoon,Power Failure,25
8,2023-01-03,PRESS-01,Night,Material Shortage,79
9,2023-01-03,PRESS-01,Morning,Unplanned Breakdown,48
10,2023-01-04,LATHE-02,Night,Quality Rejection,90
11,2023-01-05,CNC-01,Afternoon,Tooling Change,32
12,2023-01-05,CNC-01,Night,Tooling Change,30
13,2023-01-05,LATHE-02,Night,Material Shortage,24
14,2023-01-06,CNC-02,Afternoon,Power Failure,58
15,2023-01-06,CNC-02,Night,Tooling Change,17
16,2023-01-06,WELD-01,Night,Unplanned Breakdown,11
17,2023-01-06,WELD-01,Afternoon,Operator Absence,11
18,2023-01-06,LATHE-02,Morning,Operator Absence,76
19,2023-01-06,LATHE-02,Morning,Tooling Change,13
20,2023-01-06,LATHE-02,Afternoon,Unplanned Breakdown,55
21,2023-01-07,PRESS-01,Night,Quality Rejection,25
22,2023-01-07,PRESS-01,Morning,Quality Rejection,69
23,2023-01-07,LATHE-01,Night,Planned Maintenance,5
24,2023-01-08,CNC-01,Afternoon,Operator Absence,61
25,2023-01-08,CNC-01,Night,Planned Maintenance,39
26,2023-01-08,CNC-01,Afternoon,Tooling Change,36
27,2023-01-08,PRESS-01,Afternoon,Operator Absence,50
28,2023-01-08,PRESS-01,Morning,Quality Rejection,49
29,2023-01-08,PRESS-01,Morning,Tooling Change,26
30,2023-01-09,PRESS-01,Afternoon,Quality Rejection,77
31,2023-01-09,LATHE-01,Afternoon,Unplanned Breakdown,79
32,2023-01-09,LATHE-01,Night,Power Failure,90
33,2023-01-09,WELD-01,Afternoon,Operator Absence,45
34,2023-01-09,WELD-01,Afternoon,Planned Maintenance,57
35,2023-01-10,PRESS-01,Night,Material Shortage,48
36,2023-01-10,PRESS-01,Night,Planned Maintenance,7
37,2023-01-10,PRESS-01,Morning,Tooling Change,79
38,2023-01-10,WELD-02,Afternoon,Tooling Change,81
39,2023-01-10,WELD-02,Night,Operator Absence,56
40,2023-01-11,CNC-02,Morning,Operator Absence,80
41,2023-01-11,CNC-02,Morning,Quality Rejection,6
42,2023-01-11,WELD-02,Morning,Tooling Change,16
43,2023-01-11,WELD-02,Morning,Operator Absence,63
44,2023-01-12,CNC-01,Night,Quality Rejection,9
45,2023-01-12,CNC-01,Night,Planned Maintenance,68
46,2023-01-12,CNC-01,Morning,Planned Maintenance,61
47,2023-01-12,PRESS-01,Morning,Tooling Change,8
48,2023-01-12,LATHE-01,Night,Planned Maintenance,75
49,2023-01-13,CNC-01,Afternoon,Operator Absence,55
50,2023-01-13,CNC-01,Afternoon,Unplanned Breakdown,33
51,2023-01-13,CNC-01,Morning,Tooling Change,7
52,2023-01-13,PRESS-01,Afternoon,Power Failure,33
53,2023-01-13,PRESS-01,Night,Unplanned Breakdown,37
54,2023-01-13,PRESS-01,Afternoon,Operator Absence,53
55,2023-01-14,CNC-01,Night,Power Failure,56
56,2023-01-14,CNC-01,Afternoon,Power Failure,46
57,2023-01-14,LATHE-02,Night,Operator Absence,29
58,2023-01-14,LATHE-02,Afternoon,Planned Maintenance,67
59,2023-01-14,WELD-02,Afternoon,Power Failure,38
60,2023-01-14,WELD-02,Morning,Quality Rejection,62
61,2023-01-14,PRESS-01,Afternoon,Material Shortage,14
62,2023-01-15,PRESS-01,Afternoon,Quality Rejection,39
63,2023-01-15,PRESS-01,Night,Operator Absence,88
64,2023-01-16,WELD-02,Night,Operator Absence,71
65,2023-01-16,WELD-02,Morning,Planned Maintenance,73
66,2023-01-17,CNC-02,Morning,Operator Absence,80
67,2023-01-18,WELD-01,Morning,Material Shortage,71
68,2023-01-18,WELD-01,Morning,Power Failure,6
69,2023-01-18,LATHE-02,Morning,Power Failure,54
70,2023-01-18,LATHE-02,Night,Power Failure,45
71,2023-01-20,CNC-02,Afternoon,Power Failure,55
72,2023-01-20,CNC-02,Night,Material Shortage,34
73,2023-01-20,PRESS-01,Morning,Power Failure,41
74,2023-01-20,PRESS-01,Night,Unplanned Breakdown,56
75,2023-01-20,PRESS-01,Night,Planned Maintenance,78
76,2023-01-20,WELD-01,Morning,Planned Maintenance,18
77,2023-01-20,WELD-01,Night,Material Shortage,78
78,2023-01-20,LATHE-01,Morning,Quality Rejection,68
79,2023-01-20,LATHE-01,Morning,Planned Maintenance,33
80,2023-01-20,LATHE-01,Morning,Material Shortage,30
81,2023-01-21,CNC-02,Night,Unplanned Breakdown,88
82,2023-01-21,CNC-02,Night,Planned Maintenance,50
83,2023-01-22,CNC-02,Afternoon,Power Failure,81
84,2023-01-22,CNC-02,Night,Material Shortage,6
85,2023-01-23,WELD-01,Morning,Material Shortage,13
86,2023-01-23,WELD-01,Afternoon,Quality Rejection,77
87,2023-01-24,WELD-02,Night,Tooling Change,76
88,2023-01-24,CNC-02,Afternoon,Operator Absence,58
89,2023-01-24,CNC-02,Morning,Tooling Change,60
90,2023-01-24,CNC-02,Morning,Power Failure,54
91,2023-01-25,WELD-02,Night,Unplanned Breakdown,7
92,2023-01-25,WELD-02,Night,Power Failure,77
93,2023-01-25,CNC-01,Morning,Quality Rejection,75
94,2023-01-25,CNC-01,Afternoon,Material Shortage,64
95,2023-01-25,CNC-01,Night,Tooling Change,90
96,2023-01-25,CNC-02,Night,Planned Maintenance,7
97,2023-01-26,LATHE-02,Night,Unplanned Breakdown,77
98,2023-01-26,CNC-02,Morning,Operator Absence,6
99,2023-01-26,CNC-02,Morning,Quality Rejection,53
100,2023-01-26,CNC-02,Morning,Operator Absence,26
101,2023-01-27,LATHE-01,Morning,Quality Rejection,76
102,2023-01-27,LATHE-01,Morning,Unplanned Breakdown,46
103,2023-01-28,CNC-01,Afternoon,Planned Maintenance,70
104,2023-01-28,CNC-01,Afternoon,Power Failure,48
105,2023-01-28,CNC-01,Afternoon,Power Failure,62
106,2023-01-29,LATHE-02,Morning,Planned Maintenance,9
107,2023-01-29,CNC-01,Afternoon,Material Shortage,72
108,2023-01-29,PRESS-01,Morning,Material Shortage,39
109,2023-01-29,PRESS-01,Night,Power Failure,69
110,2023-01-29,PRESS-01,Morning,Tooling Change,28
111,2023-01-30,LATHE-02,Afternoon,Quality Rejection,61
112,2023-01-30,LATHE-02,Morning,Quality Rejection,66
113,2023-01-30,LATHE-02,Morning,Material Shortage,87
114,2023-01-30,CNC-01,Morning,Operator Absence,89
115,2023-01-30,CNC-01,Afternoon,Power Failure,46
116,2023-01-30,CNC-01,Morning,Unplanned Breakdown,64
117,2023-01-31,LATHE-01,Morning,Tooling Change,51
118,2023-01-31,LATHE-01,Afternoon,Unplanned Breakdown,44
119,2023-01-31,PRESS-01,Morning,Material Shortage,50
120,2023-01-31,PRESS-01,Night,Material Shortage,61
121,2023-01-31,PRESS-01,Night,Power Failure,43
122,2023-01-31,LATHE-02,Morning,Tooling Change,46
123,2023-01-31,WELD-01,Night,Quality Rejection,88
124,2023-01-31,WELD-01,Night,Planned Maintenance,11
125,2023-01-31,WELD-01,Afternoon,Planned Maintenance,71
126,2023-02-02,WELD-01,Night,Power Failure,34
127,2023-02-02,LATHE-02,Afternoon,Operator Absence,14
128,2023-02-02,LATHE-02,Afternoon,Tooling Change,59
129,2023-02-02,WELD-02,Morning,Tooling Change,68
130,2023-02-02,WELD-02,Morning,Tooling Change,52
131,2023-02-02,WELD-02,Night,Planned Maintenance,57
132,2023-02-03,PRESS-01,Night,Unplanned Breakdown,13
133,2023-02-03,WELD-01,Afternoon,Tooling Change,60
134,2023-02-03,WELD-01,Morning,Power Failure,12
135,2023-02-04,LATHE-01,Afternoon,Tooling Change,85
136,2023-02-04,PRESS-01,Morning,Tooling Change,53
137,2023-02-04,PRESS-01,Morning,Power Failure,35
138,2023-02-04,LATHE-02,Afternoon,Quality Rejection,36
139,2023-02-04,CNC-01,Afternoon,Power Failure,22
140,2023-02-04,CNC-01,Afternoon,Planned Maintenance,46
141,2023-02-05,CNC-01,Night,Unplanned Breakdown,72
142,2023-02-05,CNC-01,Morning,Quality Rejection,56
143,2023-02-05,CNC-01,Morning,Power Failure,74
144,2023-02-05,LATHE-01,Afternoon,Tooling Change,26
145,2023-02-05,WELD-01,Morning,Operator Absence,64
146,2023-02-06,WELD-01,Night,Tooling Change,25
147,2023-02-06,WELD-01,Night,Operator Absence,70
148,2023-02-06,WELD-01,Afternoon,Tooling Change,79
149,2023-02-07,LATHE-02,Afternoon,Planned Maintenance,85
150,2023-02-07,WELD-02,Afternoon,Tooling Change,76
151,2023-02-07,CNC-02,Night,Power Failure,65
152,2023-02-07,CNC-02,Night,Unplanned Breakdown,61
153,2023-02-08,CNC-01,Night,Quality Rejection,27
154,2023-02-08,WELD-02,Night,Unplanned Breakdown,16
155,2023-02-08,WELD-02,Morning,Quality Rejection,33
156,2023-02-09,LATHE-01,Afternoon,Material Shortage,40
157,2023-02-09,LATHE-01,Morning,Power Failure,40
158,2023-02-09,WELD-02,Night,Quality Rejection,45
159,2023-02-09,WELD-01,Afternoon,Power Failure,15
160,2023-02-10,CNC-01,Afternoon,Unplanned Breakdown,49
161,2023-02-11,CNC-02,Morning,Operator Absence,69
162,2023-02-12,CNC-02,Night,Power Failure,62
163,2023-02-12,CNC-02,Afternoon,Material Shortage,74
164,2023-02-12,LATHE-01,Afternoon,Power Failure,17
165,2023-02-12,LATHE-01,Night,Tooling Change,69
166,2023-02-12,LATHE-01,Night,Unplanned Breakdown,60
167,2023-02-12,CNC-01,Night,Power Failure,23
168,2023-02-13,CNC-01,Afternoon,Quality Rejection,74
169,2023-02-13,PRESS-01,Afternoon,Tooling Change,54
170,2023-02-13,PRESS-01,Afternoon,Operator Absence,31
171,2023-02-13,LATHE-02,Night,Tooling Change,11
172,2023-02-13,LATHE-02,Night,Unplanned Breakdown,72
173,2023-02-13,LATHE-02,Morning,Quality Rejection,31
174,2023-02-14,WELD-02,Night,Quality Rejection,27
175,2023-02-14,WELD-02,Night,Material Shortage,88
176,2023-02-14,WELD-02,Afternoon,Tooling Change,55
177,2023-02-14,LATHE-01,Morning,Planned Maintenance,55
178,2023-02-15,CNC-02,Morning,Operator Absence,10
179,2023-02-15,CNC-02,Night,Operator Absence,25
180,2023-02-15,CNC-02,Night,Power Failure,24
181,2023-02-15,CNC-01,Night,Operator Absence,31
182,2023-02-15,LATHE-01,Morning,Quality Rejection,82
183,2023-02-15,LATHE-01,Night,Operator Absence,41
184,2023-02-16,PRESS-01,Afternoon,Power Failure,35
185,2023-02-16,PRESS-01,Night,Unplanned Breakdown,88
186,2023-02-16,PRESS-01,Morning,Planned Maintenance,9
187,2023-02-17,LATHE-02,Night,Material Shortage,23
188,2023-02-17,CNC-02,Afternoon,Planned Maintenance,45
189,2023-02-17,CNC-02,Morning,Quality Rejection,42
190,2023-02-17,WELD-02,Night,Power Failure,63
191,2023-02-17,WELD-02,Morning,Unplanned Breakdown,53
192,2023-02-17,PRESS-01,Morning,Tooling Change,14
193,2023-02-17,PRESS-01,Night,Material Shortage,5
194,2023-02-18,LATHE-02,Morning,Material Shortage,54
195,2023-02-18,PRESS-01,Morning,Tooling Change,80
196,2023-02-18,PRESS-01,Afternoon,Material Shortage,18
197,2023-02-18,PRESS-01,Night,Material Shortage,83
198,2023-02-19,WELD-01,Afternoon,Material Shortage,22
199,2023-02-19,WELD-01,Morning,Operator Absence,14
200,2023-02-19,WELD-01,Night,Operator Absence,54
201,2023-02-20,LATHE-01,Afternoon,Material Shortage,14
202,2023-02-20,CNC-02,Morning,Unplanned Breakdown,40
203,2023-02-21,LATHE-01,Afternoon,Planned Maintenance,6
204,2023-02-21,LATHE-01,Night,Planned Maintenance,13
205,2023-02-21,WELD-02,Night,Quality Rejection,26
206,2023-02-21,WELD-02,Morning,Unplanned Breakdown,52
207,2023-02-21,WELD-02,Night,Tooling Change,36
208,2023-02-23,LATHE-02,Morning,Tooling Change,34
209,2023-02-23,LATHE-02,Morning,Operator Absence,30
210,2023-02-23,CNC-01,Night,Power Failure,63
211,2023-02-23,CNC-01,Afternoon,Material Shortage,45
212,2023-02-24,PRESS-01,Night,Unplanned Breakdown,42
213,2023-02-24,WELD-02,Morning,Quality Rejection,5
214,2023-02-25,LATHE-01,Night,Quality Rejection,11
215,2023-02-26,CNC-02,Morning,Planned Maintenance,75
216,2023-02-26,CNC-02,Afternoon,Quality Rejection,25
217,2023-02-26,CNC-02,Morning,Material Shortage,60
218,2023-02-26,LATHE-02,Afternoon,Tooling Change,12
219,2023-02-26,LATHE-02,Night,Unplanned Breakdown,34
220,2023-02-27,WELD-01,Afternoon,Unplanned Breakdown,81
221,2023-02-27,CNC-01,Afternoon,Planned Maintenance,26
222,2023-02-28,LATHE-02,Morning,Quality Rejection,24
223,2023-02-28,LATHE-02,Night,Material Shortage,34
224,2023-02-28,LATHE-02,Morning,Power Failure,42
225,2023-02-28,LATHE-01,Night,Operator Absence,66
226,2023-03-01,LATHE-01,Night,Quality Rejection,24
227,2023-03-01,LATHE-01,Night,Quality Rejection,50
228,2023-03-01,PRESS-01,Morning,Quality Rejection,33
229,2023-03-02,WELD-01,Morning,Power Failure,88
230,2023-03-02,WELD-01,Night,Tooling Change,21
231,2023-03-02,WELD-01,Night,Material Shortage,10
232,2023-03-02,CNC-01,Afternoon,Tooling Change,12
233,2023-03-02,CNC-01,Afternoon,Tooling Change,70
234,2023-03-03,CNC-01,Afternoon,Operator Absence,32
235,2023-03-03,LATHE-01,Morning,Quality Rejection,18
236,2023-03-04,LATHE-02,Afternoon,Operator Absence,41
237,2023-03-04,LATHE-02,Night,Unplanned Breakdown,78
238,2023-03-06,LATHE-02,Afternoon,Operator Absence,37
239,2023-03-06,LATHE-01,Afternoon,Material Shortage,72
240,2023-03-06,LATHE-01,Morning,Operator Absence,67
241,2023-03-06,WELD-02,Night,Operator Absence,40
242,2023-03-06,WELD-02,Afternoon,Planned Maintenance,56
243,2023-03-07,WELD-02,Afternoon,Planned Maintenance,65
244,2023-03-07,WELD-02,Morning,Quality Rejection,23
245,2023-03-08,LATHE-02,Night,Unplanned Breakdown,69
246,2023-03-08,PRESS-01,Night,Tooling Change,21
247,2023-03-08,PRESS-01,Night,Material Shortage,79
248,2023-03-09,LATHE-01,Morning,Power Failure,79
249,2023-03-10,CNC-01,Night,Power Failure,55
250,2023-03-10,LATHE-02,Afternoon,Material Shortage,66
251,2023-03-10,LATHE-02,Night,Operator Absence,21
252,2023-03-10,WELD-02,Afternoon,Quality Rejection,76
253,2023-03-10,WELD-02,Morning,Tooling Change,11
254,2023-03-10,WELD-02,Afternoon,Unplanned Breakdown,17
255,2023-03-11,LATHE-02,Afternoon,Power Failure,24
256,2023-03-11,LATHE-02,Night,Planned Maintenance,87
257,2023-03-11,PRESS-01,Morning,Operator Absence,48
258,2023-03-11,CNC-01,Morning,Quality Rejection,39
259,2023-03-11,CNC-01,Morning,Power Failure,70
260,2023-03-11,CNC-01,Morning,Planned Maintenance,83
261,2023-03-11,WELD-02,Afternoon,Unplanned Breakdown,84
262,2023-03-12,WELD-01,Morning,Quality Rejection,29
263,2023-03-12,WELD-01,Afternoon,Unplanned Breakdown,76
264,2023-03-12,LATHE-02,Morning,Planned Maintenance,8
265,2023-03-12,LATHE-02,Night,Power Failure,37
266,2023-03-13,WELD-02,Night,Operator Absence,39
267,2023-03-13,WELD-02,Night,Power Failure,30
268,2023-03-13,WELD-01,Morning,Material Shortage,64
269,2023-03-13,WELD-01,Night,Planned Maintenance,80
270,2023-03-13,WELD-01,Afternoon,Operator Absence,78
271,2023-03-13,LATHE-02,Afternoon,Power Failure,51
272,2023-03-13,LATHE-02,Night,Operator Absence,48
273,2023-03-14,PRESS-01,Morning,Material Shortage,37
274,2023-03-14,LATHE-02,Afternoon,Quality Rejection,31
275,2023-03-14,LATHE-02,Morning,Planned Maintenance,79
276,2023-03-14,LATHE-02,Night,Planned Maintenance,71
277,2023-03-14,CNC-01,Night,Tooling Change,19
278,2023-03-14,CNC-01,Afternoon,Operator Absence,68
279,2023-03-15,CNC-02,Night,Quality Rejection,18
280,2023-03-15,CNC-01,Afternoon,Power Failure,89
281,2023-03-15,CNC-01,Night,Tooling Change,13
282,2023-03-15,CNC-01,Night,Quality Rejection,59
283,2023-03-16,LATHE-01,Morning,Material Shortage,57
284,2023-03-17,PRESS-01,Morning,Unplanned Breakdown,62
285,2023-03-17,PRESS-01,Afternoon,Power Failure,54
286,2023-03-17,PRESS-01,Night,Unplanned Breakdown,66
287,2023-03-17,LATHE-02,Morning,Unplanned Breakdown,80
288,2023-03-18,WELD-02,Night,Tooling Change,38
289,2023-03-18,WELD-01,Night,Quality Rejection,8
290,2023-03-18,WELD-01,Morning,Tooling Change,42
291,2023-03-18,WELD-01,Night,Quality Rejection,49
292,2023-03-18,LATHE-01,Morning,Operator Absence,52
293,2023-03-18,LATHE-01,Morning,Tooling Change,34
294,2023-03-19,CNC-02,Night,Material Shortage,20
295,2023-03-19,LATHE-02,Afternoon,Operator Absence,77
296,2023-03-19,LATHE-02,Afternoon,Power Failure,7
297,2023-03-20,PRESS-01,Morning,Planned Maintenance,44
298,2023-03-20,PRESS-01,Night,Tooling Change,12
299,2023-03-20,LATHE-01,Afternoon,Material Shortage,9
300,2023-03-20,LATHE-01,Morning,Unplanned Breakdown,57
301,2023-03-20,WELD-01,Morning,Tooling Change,20
302,2023-03-21,LATHE-01,Afternoon,Quality Rejection,79
303,2023-03-21,CNC-01,Night,Quality Rejection,27
304,2023-03-21,LATHE-02,Morning,Operator Absence,44
305,2023-03-21,LATHE-02,Night,Material Shortage,31
306,2023-03-21,PRESS-01,Night,Operator Absence,80
307,2023-03-21,PRESS-01,Night,Quality Rejection,78
308,2023-03-22,LATHE-01,Afternoon,Operator Absence,29
309,2023-03-22,LATHE-01,Afternoon,Material Shortage,85
310,2023-03-22,LATHE-01,Night,Material Shortage,62
311,2023-03-23,CNC-02,Night,Tooling Change,29
312,2023-03-23,CNC-02,Afternoon,Tooling Change,23
313,2023-03-24,WELD-01,Night,Operator Absence,29
314,2023-03-24,WELD-01,Night,Planned Maintenance,5
315,2023-03-24,LATHE-02,Morning,Tooling Change,42
316,2023-03-24,LATHE-02,Afternoon,Planned Maintenance,7
317,2023-03-24,LATHE-02,Afternoon,Operator Absence,25
318,2023-03-25,CNC-01,Afternoon,Operator Absence,55
319,2023-03-25,CNC-01,Morning,Operator Absence,50
320,2023-03-25,CNC-01,Afternoon,Planned Maintenance,5
321,2023-03-25,CNC-02,Night,Tooling Change,62
322,2023-03-25,WELD-02,Afternoon,Operator Absence,18
323,2023-03-25,WELD-02,Night,Material Shortage,32
324,2023-03-25,WELD-02,Afternoon,Power Failure,6
325,2023-03-26,CNC-02,Night,Quality Rejection,77
326,2023-03-26,LATHE-02,Night,Quality Rejection,31
327,2023-03-26,LATHE-02,Morning,Operator Absence,85
328,2023-03-27,LATHE-02,Morning,Tooling Change,9
329,2023-03-27,LATHE-02,Afternoon,Unplanned Breakdown,49
330,2023-03-27,LATHE-02,Afternoon,Tooling Change,14
331,2023-03-27,WELD-02,Morning,Material Shortage,78
332,2023-03-27,CNC-02,Afternoon,Operator Absence,58
333,2023-03-27,CNC-02,Afternoon,Operator Absence,21
334,2023-03-28,LATHE-02,Morning,Tooling Change,88
335,2023-03-28,WELD-02,Night,Planned Maintenance,60
336,2023-03-28,PRESS-01,Afternoon,Tooling Change,18
337,2023-03-28,PRESS-01,Morning,Tooling Change,49
338,2023-03-28,PRESS-01,Afternoon,Planned Maintenance,28
339,2023-03-29,LATHE-01,Morning,Power Failure,33
340,2023-03-29,LATHE-01,Morning,Power Failure,22
341,2023-03-29,LATHE-01,Night,Operator Absence,12
342,2023-03-29,CNC-01,Afternoon,Operator Absence,61
343,2023-03-29,CNC-01,Afternoon,Tooling Change,46
344,2023-03-29,CNC-01,Afternoon,Unplanned Breakdown,5
345,2023-03-30,CNC-02,Afternoon,Unplanned Breakdown,77
346,2023-03-30,CNC-02,Morning,Tooling Change,47
347,2023-03-30,CNC-02,Night,Tooling Change,26
348,2023-03-31,CNC-01,Morning,Unplanned Breakdown,75
349,2023-03-31,CNC-01,Morning,Material Shortage,71
350,2023-03-31,LATHE-02,Morning,Planned Maintenance,33
351,2023-03-31,LATHE-02,Afternoon,Power Failure,33
352,2023-03-31,LATHE-02,Night,Power Failure,61
353,2023-03-31,PRESS-01,Afternoon,Material Shortage,42
354,2023-03-31,PRESS-01,Morning,Operator Absence,52
355,2023-03-31,PRESS-01,Afternoon,Planned Maintenance,19
356,2023-04-01,CNC-01,Afternoon,Unplanned Breakdown,6
357,2023-04-01,CNC-01,Afternoon,Planned Maintenance,84
358,2023-04-01,CNC-01,Afternoon,Quality Rejection,76
359,2023-04-01,WELD-01,Afternoon,Planned Maintenance,39
360,2023-04-01,WELD-01,Morning,Material Shortage,21
361,2023-04-01,WELD-01,Night,Power Failure,80
362,2023-04-01,LATHE-01,Morning,Material Shortage,88
363,2023-04-01,LATHE-01,Afternoon,Quality Rejection,76
364,2023-04-01,LATHE-01,Afternoon,Unplanned Breakdown,24
365,2023-04-01,PRESS-01,Morning,Planned Maintenance,60
366,2023-04-01,PRESS-01,Night,Unplanned Breakdown,54
367,2023-04-02,WELD-01,Afternoon,Power Failure,16
368,2023-04-02,WELD-01,Afternoon,Tooling Change,80
369,2023-04-02,LATHE-01,Night,Unplanned Breakdown,14
370,2023-04-02,LATHE-01,Night,Material Shortage,65
371,2023-04-02,CNC-01,Morning,Power Failure,32
372,2023-04-02,CNC-01,Afternoon,Power Failure,27
373,2023-04-03,LATHE-01,Night,Planned Maintenance,72
374,2023-04-03,LATHE-01,Morning,Quality Rejection,90
375,2023-04-03,WELD-02,Night,Unplanned Breakdown,59
376,2023-04-03,WELD-02,Morning,Material Shortage,19
377,2023-04-03,WELD-02,Morning,Operator Absence,58
378,2023-04-04,WELD-01,Night,Power Failure,24
379,2023-04-04,WELD-01,Afternoon,Unplanned Breakdown,60
380,2023-04-04,LATHE-02,Morning,Power Failure,23
381,2023-04-04,CNC-01,Morning,Tooling Change,62
382,2023-04-04,CNC-01,Morning,Planned Maintenance,70
383,2023-04-06,PRESS-01,Night,Quality Rejection,14
384,2023-04-06,PRESS-01,Afternoon,Planned Maintenance,73
385,2023-04-06,PRESS-01,Night,Tooling Change,76
386,2023-04-06,WELD-01,Afternoon,Power Failure,36
387,2023-04-06,WELD-01,Night,Tooling Change,43
388,2023-04-07,WELD-02,Night,Planned Maintenance,56
389,2023-04-08,CNC-02,Night,Power Failure,70
390,2023-04-08,CNC-02,Night,Power Failure,80
391,2023-04-09,PRESS-01,Morning,Unplanned Breakdown,7
392,2023-04-09,PRESS-01,Night,Power Failure,41
393,2023-04-12,LATHE-02,Night,Tooling Change,87
394,2023-04-12,LATHE-02,Afternoon,Power Failure,89
395,2023-04-12,CNC-02,Morning,Planned Maintenance,18
396,2023-04-13,LATHE-02,Afternoon,Operator Absence,77
397,2023-04-13,LATHE-02,Morning,Tooling Change,7
398,2023-04-13,LATHE-02,Morning,Material Shortage,14
399,2023-04-14,WELD-02,Night,Quality Rejection,49
400,2023-04-14,LATHE-01,Morning,Planned Maintenance,55
401,2023-04-14,CNC-02,Night,Quality Rejection,39
402,2023-04-14,CNC-02,Afternoon,Quality Rejection,76
403,2023-04-14,CNC-02,Night,Planned Maintenance,46
404,2023-04-15,LATHE-02,Morning,Unplanned Breakdown,5
405,2023-04-16,WELD-01,Afternoon,Tooling Change,50
406,2023-04-16,WELD-01,Afternoon,Operator Absence,20
407,2023-04-16,WELD-01,Afternoon,Power Failure,50
408,2023-04-16,LATHE-01,Afternoon,Quality Rejection,7
409,2023-04-17,WELD-02,Night,Tooling Change,69
410,2023-04-17,CNC-01,Night,Planned Maintenance,42
411,2023-04-17,CNC-01,Afternoon,Material Shortage,55
412,2023-04-17,CNC-01,Night,Operator Absence,10
413,2023-04-17,LATHE-01,Afternoon,Unplanned Breakdown,77
414,2023-04-18,WELD-02,Afternoon,Unplanned Breakdown,7
415,2023-04-18,CNC-02,Afternoon,Operator Absence,75
416,2023-04-18,CNC-02,Morning,Unplanned Breakdown,37
417,2023-04-19,CNC-01,Afternoon,Material Shortage,67
418,2023-04-19,CNC-01,Afternoon,Planned Maintenance,74
419,2023-04-19,PRESS-01,Morning,Quality Rejection,69
420,2023-04-19,PRESS-01,Afternoon,Planned Maintenance,36
421,2023-04-19,LATHE-01,Afternoon,Tooling Change,52
422,2023-04-20,WELD-02,Night,Quality Rejection,77
423,2023-04-20,WELD-02,Night,Unplanned Breakdown,20
424,2023-04-20,LATHE-02,Afternoon,Material Shortage,83
425,2023-04-20,LATHE-02,Night,Unplanned Breakdown,53
426,2023-04-20,LATHE-02,Afternoon,Tooling Change,27
427,2023-04-21,WELD-02,Morning,Operator Absence,22
428,2023-04-21,CNC-02,Morning,Operator Absence,15
429,2023-04-21,LATHE-02,Afternoon,Planned Maintenance,34
430,2023-04-21,LATHE-02,Morning,Quality Rejection,73
431,2023-04-21,PRESS-01,Night,Operator Absence,48
432,2023-04-21,PRESS-01,Night,Power Failure,76
433,2023-04-22,CNC-02,Morning,Planned Maintenance,70
434,2023-04-23,LATHE-02,Afternoon,Material Shortage,77
435,2023-04-23,WELD-01,Night,Power Failure,54
436,2023-04-23,WELD-02,Afternoon,Unplanned Breakdown,39
437,2023-04-23,WELD-02,Night,Unplanned Breakdown,51
438,2023-04-24,CNC-01,Morning,Planned Maintenance,84
439,2023-04-24,WELD-01,Morning,Tooling Change,28
440,2023-04-25,WELD-01,Night,Operator Absence,59
441,2023-04-25,WELD-01,Afternoon,Operator Absence,37
442,2023-04-25,WELD-01,Night,Unplanned Breakdown,87
443,2023-04-27,CNC-01,Night,Operator Absence,36
444,2023-04-27,CNC-01,Morning,Operator Absence,76
445,2023-04-28,LATHE-02,Night,Material Shortage,29
446,2023-04-28,WELD-01,Afternoon,Unplanned Breakdown,22
447,2023-04-28,WELD-02,Morning,Unplanned Breakdown,83
448,2023-04-28,LATHE-01,Afternoon,Power Failure,21
449,2023-04-28,LATHE-01,Afternoon,Operator Absence,68
450,2023-04-29,LATHE-02,Afternoon,Tooling Change,51
451,2023-04-29,LATHE-02,Morning,Unplanned Breakdown,48
452,2023-04-30,CNC-02,Afternoon,Operator Absence,72
453,2023-04-30,CNC-02,Morning,Tooling Change,9
454,2023-04-30,CNC-01,Night,Unplanned Breakdown,29
455,2023-04-30,CNC-01,Afternoon,Tooling Change,79
456,2023-04-30,CNC-01,Afternoon,Quality Rejection,73
457,2023-04-30,WELD-01,Morning,Power Failure,27
458,2023-04-30,WELD-01,Afternoon,Operator Absence,90
459,2023-05-01,WELD-01,Night,Quality Rejection,52
460,2023-05-01,WELD-02,Afternoon,Planned Maintenance,62
461,2023-05-01,WELD-02,Night,Tooling Change,54
462,2023-05-01,PRESS-01,Morning,Quality Rejection,80
463,2023-05-02,CNC-02,Afternoon,Operator Absence,45
464,2023-05-02,CNC-01,Night,Tooling Change,90
465,2023-05-02,CNC-01,Night,Material Shortage,65
466,2023-05-02,CNC-01,Night,Operator Absence,57
467,2023-05-03,PRESS-01,Night,Planned Maintenance,58
468,2023-05-03,WELD-01,Afternoon,Quality Rejection,78
469,2023-05-03,CNC-01,Afternoon,Power Failure,86
470,2023-05-03,CNC-01,Morning,Tooling Change,79
471,2023-05-04,WELD-01,Morning,Unplanned Breakdown,61
472,2023-05-04,WELD-01,Afternoon,Tooling Change,85
473,2023-05-05,CNC-01,Morning,Operator Absence,63
474,2023-05-05,CNC-01,Night,Operator Absence,67
475,2023-05-06,LATHE-02,Night,Operator Absence,69
476,2023-05-06,WELD-01,Night,Quality Rejection,42
477,2023-05-06,WELD-01,Night,Operator Absence,68
478,2023-05-07,WELD-01,Night,Tooling Change,75
479,2023-05-07,WELD-01,Morning,Planned Maintenance,24
480,2023-05-07,WELD-01,Night,Tooling Change,10
481,2023-05-09,WELD-01,Night,Power Failure,27
482,2023-05-09,WELD-01,Night,Operator Absence,57
483,2023-05-10,LATHE-02,Morning,Material Shortage,45
484,2023-05-11,LATHE-01,Morning,Quality Rejection,79
485,2023-05-11,LATHE-01,Afternoon,Planned Maintenance,55
486,2023-05-12,WELD-01,Afternoon,Unplanned Breakdown,28
487,2023-05-12,WELD-01,Morning,Operator Absence,89
488,2023-05-12,WELD-01,Afternoon,Tooling Change,87
489,2023-05-12,LATHE-01,Afternoon,Tooling Change,59
490,2023-05-12,LATHE-01,Morning,Quality Rejection,89
491,2023-05-12,LATHE-01,Night,Unplanned Breakdown,43
492,2023-05-13,CNC-01,Night,Material Shortage,24
493,2023-05-13,CNC-01,Morning,Tooling Change,13
494,2023-05-13,CNC-01,Afternoon,Unplanned Breakdown,32
495,2023-05-13,LATHE-02,Morning,Operator Absence,46
496,2023-05-13,WELD-02,Night,Operator Absence,52
497,2023-05-13,WELD-02,Afternoon,Operator Absence,66
498,2023-05-13,WELD-02,Afternoon,Tooling Change,32
499,2023-05-14,LATHE-02,Morning,Unplanned Breakdown,46
500,2023-05-14,LATHE-02,Morning,Planned Maintenance,90
501,2023-05-14,LATHE-02,Night,Tooling Change,43
502,2023-05-14,LATHE-01,Morning,Material Shortage,81
503,2023-05-14,LATHE-01,Afternoon,Operator Absence,5
504,2023-05-14,LATHE-01,Night,Tooling Change,14
505,2023-05-15,PRESS-01,Night,Quality Rejection,15
506,2023-05-15,PRESS-01,Morning,Operator Absence,81
507,2023-05-15,PRESS-01,Afternoon,Operator Absence,38
508,2023-05-16,PRESS-01,Afternoon,Planned Maintenance,16
509,2023-05-16,LATHE-02,Morning,Material Shortage,42
510,2023-05-16,LATHE-01,Night,Tooling Change,59
511,2023-05-16,LATHE-01,Night,Planned Maintenance,36
512,2023-05-16,LATHE-01,Morning,Material Shortage,32
513,2023-05-16,WELD-01,Night,Material Shortage,54
514,2023-05-17,LATHE-01,Afternoon,Unplanned Breakdown,53
515,2023-05-17,LATHE-01,Night,Planned Maintenance,45
516,2023-05-17,LATHE-01,Night,Power Failure,65
517,2023-05-18,WELD-01,Night,Tooling Change,27
518,2023-05-18,WELD-01,Night,Quality Rejection,33
519,2023-05-18,WELD-01,Afternoon,Power Failure,43
520,2023-05-19,LATHE-01,Morning,Material Shortage,53
521,2023-05-19,WELD-01,Afternoon,Tooling Change,89
522,2023-05-19,LATHE-02,Night,Operator Absence,18
523,2023-05-19,CNC-01,Afternoon,Operator Absence,61
524,2023-05-20,CNC-02,Night,Quality Rejection,13
525,2023-05-20,CNC-02,Afternoon,Operator Absence,48
526,2023-05-20,PRESS-01,Morning,Tooling Change,7
527,2023-05-21,LATHE-02,Afternoon,Material Shortage,14
528,2023-05-21,LATHE-02,Afternoon,Quality Rejection,12
529,2023-05-21,WELD-02,Morning,Power Failure,87
530,2023-05-21,WELD-02,Night,Planned Maintenance,43
531,2023-05-21,WELD-02,Morning,Tooling Change,16
532,2023-05-21,CNC-01,Night,Tooling Change,30
533,2023-05-21,CNC-01,Night,Tooling Change,65
534,2023-05-22,PRESS-01,Afternoon,Tooling Change,25
535,2023-05-22,PRESS-01,Night,Material Shortage,25
536,2023-05-22,LATHE-02,Afternoon,Operator Absence,61
537,2023-05-22,LATHE-02,Afternoon,Material Shortage,12
538,2023-05-22,LATHE-02,Night,Quality Rejection,43
539,2023-05-24,WELD-01,Night,Planned Maintenance,82
540,2023-05-24,WELD-01,Afternoon,Tooling Change,46
541,2023-05-24,WELD-01,Morning,Power Failure,75
542,2023-05-24,PRESS-01,Morning,Tooling Change,6
543,2023-05-24,PRESS-01,Night,Unplanned Breakdown,21
544,2023-05-24,PRESS-01,Night,Power Failure,32
545,2023-05-25,CNC-02,Night,Quality Rejection,55
546,2023-05-26,LATHE-02,Morning,Planned Maintenance,7
547,2023-05-26,LATHE-02,Afternoon,Power Failure,36
548,2023-05-26,LATHE-02,Night,Material Shortage,74
549,2023-05-27,LATHE-02,Morning,Quality Rejection,82
550,2023-05-27,WELD-02,Night,Tooling Change,27
551,2023-05-27,WELD-02,Afternoon,Planned Maintenance,87
552,2023-05-27,CNC-01,Morning,Operator Absence,57
553,2023-05-27,CNC-01,Night,Material Shortage,60
554,2023-05-28,PRESS-01,Night,Material Shortage,33
555,2023-05-28,WELD-02,Night,Quality Rejection,21
556,2023-05-28,WELD-02,Night,Operator Absence,46
557,2023-05-29,CNC-02,Morning,Power Failure,82
558,2023-05-29,CNC-01,Morning,Quality Rejection,50
559,2023-05-29,WELD-02,Night,Operator Absence,72
560,2023-05-29,WELD-02,Afternoon,Tooling Change,18
561,2023-05-29,WELD-02,Afternoon,Power Failure,29
562,2023-05-29,PRESS-01,Afternoon,Unplanned Breakdown,43
563,2023-05-29,PRESS-01,Night,Tooling Change,57
564,2023-05-29,PRESS-01,Night,Operator Absence,44
565,2023-05-30,LATHE-02,Afternoon,Tooling Change,9
566,2023-05-30,LATHE-02,Night,Unplanned Breakdown,24
567,2023-05-31,PRESS-01,Night,Quality Rejection,11
568,2023-05-31,PRESS-01,Night,Operator Absence,11
569,2023-06-01,LATHE-02,Night,Tooling Change,8
570,2023-06-01,LATHE-02,Night,Planned Maintenance,48
571,2023-06-01,LATHE-01,Morning,Planned Maintenance,72
572,2023-06-01,LATHE-01,Night,Tooling Change,5
573,2023-06-02,LATHE-02,Afternoon,Planned Maintenance,68
574,2023-06-02,LATHE-02,Morning,Operator Absence,80
575,2023-06-02,PRESS-01,Morning,Power Failure,53
576,2023-06-02,PRESS-01,Night,Material Shortage,54
577,2023-06-02,PRESS-01,Afternoon,Unplanned Breakdown,54
578,2023-06-02,WELD-02,Afternoon,Power Failure,34
579,2023-06-02,LATHE-01,Afternoon,Tooling Change,61
580,2023-06-02,LATHE-01,Afternoon,Unplanned Breakdown,78
581,2023-06-02,LATHE-01,Afternoon,Quality Rejection,30
582,2023-06-03,CNC-02,Night,Planned Maintenance,26
583,2023-06-03,CNC-02,Morning,Material Shortage,83
584,2023-06-03,CNC-02,Morning,Unplanned Breakdown,5
585,2023-06-03,WELD-01,Morning,Quality Rejection,42
586,2023-06-03,WELD-01,Afternoon,Unplanned Breakdown,86
587,2023-06-03,WELD-01,Afternoon,Planned Maintenance,41
588,2023-06-04,CNC-02,Afternoon,Tooling Change,6
589,2023-06-04,CNC-02,Afternoon,Operator Absence,5
590,2023-06-04,CNC-01,Morning,Quality Rejection,58
591,2023-06-04,PRESS-01,Night,Operator Absence,87
592,2023-06-04,PRESS-01,Night,Planned Maintenance,25
593,2023-06-04,PRESS-01,Afternoon,Quality Rejection,39
594,2023-06-05,CNC-02,Morning,Quality Rejection,79
595,2023-06-05,CNC-02,Morning,Operator Absence,76
596,2023-06-05,WELD-02,Night,Unplanned Breakdown,67
597,2023-06-05,WELD-02,Afternoon,Material Shortage,54
598,2023-06-05,PRESS-01,Afternoon,Tooling Change,83
599,2023-06-06,PRESS-01,Afternoon,Operator Absence,88
600,2023-06-06,PRESS-01,Morning,Planned Maintenance,19
601,2023-06-06,LATHE-02,Afternoon,Power Failure,38
602,2023-06-06,LATHE-02,Afternoon,Planned Maintenance,81
603,2023-06-06,LATHE-01,Night,Material Shortage,36
604,2023-06-06,LATHE-01,Afternoon,Operator Absence,28
605,2023-06-06,LATHE-01,Afternoon,Operator Absence,37
606,2023-06-07,CNC-02,Night,Material Shortage,33
607,2023-06-07,LATHE-02,Afternoon,Operator Absence,61
608,2023-06-07,LATHE-02,Night,Planned Maintenance,14
609,2023-06-07,LATHE-02,Night,Power Failure,75
610,2023-06-07,WELD-01,Afternoon,Operator Absence,47
611,2023-06-07,WELD-01,Night,Quality Rejection,80
612,2023-06-07,WELD-01,Morning,Tooling Change,33
613,2023-06-10,LATHE-01,Afternoon,Material Shortage,34
614,2023-06-10,LATHE-01,Afternoon,Material Shortage,75
615,2023-06-10,LATHE-01,Afternoon,Tooling Change,9
616,2023-06-10,CNC-01,Afternoon,Unplanned Breakdown,40
617,2023-06-11,CNC-02,Night,Unplanned Breakdown,29
618,2023-06-11,WELD-02,Afternoon,Material Shortage,12
619,2023-06-12,CNC-02,Night,Operator Absence,52
620,2023-06-12,LATHE-01,Night,Quality Rejection,79
621,2023-06-12,LATHE-01,Night,Operator Absence,7
622,2023-06-13,CNC-02,Night,Operator Absence,5
623,2023-06-13,CNC-02,Afternoon,Power Failure,76
624,2023-06-13,CNC-02,Afternoon,Tooling Change,85
625,2023-06-14,PRESS-01,Afternoon,Power Failure,29
626,2023-06-14,PRESS-01,Morning,Planned Maintenance,59
627,2023-06-14,PRESS-01,Afternoon,Operator Absence,80
628,2023-06-14,WELD-01,Night,Power Failure,79
629,2023-06-14,WELD-02,Afternoon,Operator Absence,60
630,2023-06-15,WELD-01,Morning,Tooling Change,6
631,2023-06-15,WELD-01,Afternoon,Material Shortage,87
632,2023-06-15,PRESS-01,Morning,Operator Absence,89
633,2023-06-15,PRESS-01,Night,Operator Absence,22
634,2023-06-15,LATHE-02,Night,Power Failure,83
635,2023-06-16,CNC-01,Morning,Tooling Change,83
636,2023-06-16,CNC-01,Night,Unplanned Breakdown,28
637,2023-06-16,CNC-01,Afternoon,Unplanned Breakdown,56
638,2023-06-17,PRESS-01,Morning,Material Shortage,35
639,2023-06-17,PRESS-01,Afternoon,Tooling Change,84
640,2023-06-17,PRESS-01,Night,Material Shortage,15
641,2023-06-17,CNC-02,Morning,Planned Maintenance,68
642,2023-06-17,CNC-02,Afternoon,Material Shortage,63
643,2023-06-17,CNC-02,Night,Quality Rejection,31
644,2023-06-17,LATHE-01,Afternoon,Power Failure,26
645,2023-06-17,LATHE-01,Afternoon,Quality Rejection,86
646,2023-06-17,LATHE-01,Night,Quality Rejection,16
647,2023-06-17,WELD-02,Morning,Quality Rejection,90
648,2023-06-17,WELD-02,Night,Material Shortage,90
649,2023-06-17,WELD-02,Afternoon,Material Shortage,5
650,2023-06-18,CNC-02,Night,Operator Absence,30
651,2023-06-18,CNC-02,Night,Tooling Change,48
652,2023-06-18,PRESS-01,Afternoon,Quality Rejection,23
653,2023-06-18,PRESS-01,Night,Material Shortage,32
654,2023-06-18,PRESS-01,Afternoon,Tooling Change,9
655,2023-06-20,WELD-02,Afternoon,Operator Absence,82
656,2023-06-20,WELD-02,Morning,Power Failure,28
657,2023-06-20,WELD-02,Night,Planned Maintenance,21
658,2023-06-20,CNC-01,Night,Unplanned Breakdown,54
659,2023-06-20,CNC-01,Afternoon,Power Failure,75
660,2023-06-21,WELD-02,Night,Material Shortage,66
661,2023-06-22,LATHE-02,Afternoon,Tooling Change,19
662,2023-06-22,PRESS-01,Morning,Unplanned Breakdown,44
663,2023-06-23,CNC-01,Night,Planned Maintenance,29
664,2023-06-23,CNC-01,Afternoon,Quality Rejection,72
665,2023-06-23,CNC-01,Morning,Operator Absence,32
666,2023-06-23,LATHE-02,Morning,Power Failure,69
667,2023-06-23,LATHE-02,Night,Planned Maintenance,59
668,2023-06-23,CNC-02,Morning,Unplanned Breakdown,61
669,2023-06-23,CNC-02,Afternoon,Operator Absence,73
670,2023-06-23,CNC-02,Night,Operator Absence,48
671,2023-06-24,LATHE-02,Morning,Tooling Change,62
672,2023-06-24,LATHE-02,Afternoon,Planned Maintenance,46
673,2023-06-24,LATHE-01,Night,Operator Absence,86
674,2023-06-24,LATHE-01,Night,Unplanned Breakdown,66
675,2023-06-24,PRESS-01,Afternoon,Planned Maintenance,6
676,2023-06-24,PRESS-01,Afternoon,Tooling Change,27
677,2023-06-25,CNC-01,Night,Operator Absence,46
678,2023-06-25,CNC-01,Morning,Material Shortage,24
679,2023-06-26,PRESS-01,Night,Planned Maintenance,10
680,2023-06-26,LATHE-01,Morning,Planned Maintenance,41
681,2023-06-26,WELD-01,Afternoon,Planned Maintenance,15
682,2023-06-26,WELD-01,Night,Power Failure,64
683,2023-06-26,LATHE-02,Morning,Planned Maintenance,79
684,2023-06-26,LATHE-02,Afternoon,Planned Maintenance,56
685,2023-06-28,LATHE-01,Afternoon,Operator Absence,85
686,2023-06-28,LATHE-01,Morning,Tooling Change,16
687,2023-06-29,CNC-01,Night,Material Shortage,89
688,2023-06-29,CNC-01,Morning,Planned Maintenance,10
689,2023-06-29,CNC-01,Afternoon,Quality Rejection,44
690,2023-06-29,WELD-01,Night,Quality Rejection,9
691,2023-06-29,WELD-01,Morning,Unplanned Breakdown,80
692,2023-06-29,LATHE-01,Afternoon,Power Failure,7
693,2023-06-29,LATHE-01,Night,Tooling Change,78
694,2023-06-29,LATHE-01,Night,Operator Absence,9
695,2023-06-30,PRESS-01,Afternoon,Tooling Change,47
696,2023-06-30,LATHE-01,Night,Planned Maintenance,88
697,2023-06-30,LATHE-01,Night,Operator Absence,33
698,2023-06-30,WELD-02,Morning,Operator Absence,76
699,2023-07-01,LATHE-02,Afternoon,Power Failure,51
700,2023-07-01,LATHE-02,Night,Planned Maintenance,70
701,2023-07-01,CNC-02,Night,Tooling Change,9
702,2023-07-01,CNC-02,Morning,Material Shortage,33
703,2023-07-01,CNC-02,Afternoon,Power Failure,13
704,2023-07-01,WELD-01,Afternoon,Tooling Change,38
705,2023-07-02,CNC-02,Morning,Quality Rejection,50
706,2023-07-02,CNC-02,Morning,Material Shortage,75
707,2023-07-02,CNC-01,Night,Unplanned Breakdown,68
708,2023-07-02,CNC-01,Morning,Material Shortage,45
709,2023-07-02,CNC-01,Night,Quality Rejection,6
710,2023-07-03,CNC-01,Morning,Operator Absence,31
711,2023-07-03,CNC-01,Night,Quality Rejection,6
712,2023-07-03,CNC-01,Afternoon,Operator Absence,19
713,2023-07-03,LATHE-02,Morning,Power Failure,7
714,2023-07-03,WELD-02,Night,Planned Maintenance,53
715,2023-07-03,WELD-02,Night,Planned Maintenance,28
716,2023-07-04,CNC-01,Afternoon,Operator Absence,46
717,2023-07-04,CNC-01,Morning,Material Shortage,54
718,2023-07-04,WELD-02,Morning,Unplanned Breakdown,34
719,2023-07-04,WELD-02,Morning,Operator Absence,49
720,2023-07-04,WELD-02,Morning,Operator Absence,18
721,2023-07-04,LATHE-02,Night,Operator Absence,80
722,2023-07-04,LATHE-02,Morning,Power Failure,55
723,2023-07-04,LATHE-02,Night,Material Shortage,25
724,2023-07-05,WELD-02,Afternoon,Planned Maintenance,40
725,2023-07-05,WELD-02,Morning,Tooling Change,76
726,2023-07-05,WELD-02,Night,Quality Rejection,77
727,2023-07-05,WELD-01,Afternoon,Unplanned Breakdown,20
728,2023-07-05,WELD-01,Morning,Planned Maintenance,88
729,2023-07-05,WELD-01,Afternoon,Planned Maintenance,48
730,2023-07-05,PRESS-01,Afternoon,Unplanned Breakdown,9
731,2023-07-05,PRESS-01,Morning,Material Shortage,53
732,2023-07-05,PRESS-01,Afternoon,Planned Maintenance,37
733,2023-07-05,LATHE-01,Morning,Power Failure,47
734,2023-07-05,LATHE-01,Afternoon,Power Failure,38
735,2023-07-05,LATHE-01,Afternoon,Unplanned Breakdown,18
736,2023-07-06,LATHE-01,Afternoon,Tooling Change,81
737,2023-07-06,LATHE-01,Afternoon,Planned Maintenance,52
738,2023-07-06,LATHE-01,Night,Power Failure,89
739,2023-07-06,WELD-01,Night,Planned Maintenance,64
740,2023-07-06,CNC-02,Night,Operator Absence,81
741,2023-07-06,CNC-02,Morning,Planned Maintenance,59
742,2023-07-07,WELD-02,Morning,Quality Rejection,61
743,2023-07-07,PRESS-01,Night,Unplanned Breakdown,46
744,2023-07-07,PRESS-01,Morning,Power Failure,44
745,2023-07-07,PRESS-01,Night,Operator Absence,65
746,2023-07-08,WELD-01,Night,Tooling Change,41
747,2023-07-08,WELD-01,Afternoon,Operator Absence,20
748,2023-07-08,WELD-01,Afternoon,Planned Maintenance,38
749,2023-07-09,WELD-01,Morning,Material Shortage,50
750,2023-07-10,LATHE-01,Morning,Quality Rejection,54
751,2023-07-10,LATHE-01,Morning,Power Failure,30
752,2023-07-10,WELD-02,Morning,Unplanned Breakdown,24
753,2023-07-10,WELD-02,Afternoon,Planned Maintenance,73
754,2023-07-10,WELD-02,Afternoon,Planned Maintenance,51
755,2023-07-11,PRESS-01,Morning,Power Failure,39
756,2023-07-11,PRESS-01,Afternoon,Power Failure,85
757,2023-07-12,WELD-02,Afternoon,Operator Absence,5
758,2023-07-12,WELD-02,Night,Tooling Change,74
759,2023-07-13,PRESS-01,Afternoon,Planned Maintenance,25
760,2023-07-13,PRESS-01,Afternoon,Unplanned Breakdown,24
761,2023-07-13,PRESS-01,Afternoon,Planned Maintenance,31
762,2023-07-13,CNC-02,Night,Unplanned Breakdown,89
763,2023-07-14,PRESS-01,Morning,Operator Absence,65
764,2023-07-14,PRESS-01,Morning,Unplanned Breakdown,36
765,2023-07-14,PRESS-01,Morning,Operator Absence,57
766,2023-07-14,CNC-01,Afternoon,Material Shortage,59
767,2023-07-14,CNC-01,Night,Material Shortage,60
768,2023-07-14,CNC-01,Night,Power Failure,69
769,2023-07-14,WELD-02,Night,Operator Absence,54
770,2023-07-14,WELD-02,Night,Operator Absence,86
771,2023-07-15,PRESS-01,Night,Quality Rejection,39
772,2023-07-15,PRESS-01,Morning,Unplanned Breakdown,29
773,2023-07-15,WELD-01,Afternoon,Tooling Change,67
774,2023-07-15,WELD-01,Morning,Power Failure,68
775,2023-07-15,WELD-01,Afternoon,Quality Rejection,56
776,2023-07-15,CNC-02,Morning,Tooling Change,82
777,2023-07-15,CNC-02,Morning,Operator Absence,47
778,2023-07-16,LATHE-02,Morning,Planned Maintenance,9
779,2023-07-16,WELD-01,Night,Tooling Change,20
780,2023-07-16,WELD-01,Morning,Operator Absence,31
781,2023-07-16,WELD-01,Night,Planned Maintenance,62
782,2023-07-16,PRESS-01,Afternoon,Planned Maintenance,36
783,2023-07-16,PRESS-01,Night,Tooling Change,31
784,2023-07-16,CNC-02,Morning,Planned Maintenance,29
785,2023-07-17,CNC-01,Afternoon,Quality Rejection,56
786,2023-07-17,CNC-01,Morning,Unplanned Breakdown,6
787,2023-07-17,CNC-01,Morning,Quality Rejection,59
788,2023-07-19,PRESS-01,Morning,Planned Maintenance,29
789,2023-07-19,PRESS-01,Afternoon,Power Failure,50
790,2023-07-19,WELD-02,Afternoon,Quality Rejection,77
791,2023-07-20,LATHE-01,Afternoon,Power Failure,36
792,2023-07-20,LATHE-01,Afternoon,Quality Rejection,16
793,2023-07-20,LATHE-01,Morning,Tooling Change,15
794,2023-07-21,WELD-02,Night,Operator Absence,35
795,2023-07-21,LATHE-02,Afternoon,Operator Absence,12
796,2023-07-21,LATHE-02,Morning,Operator Absence,9
797,2023-07-21,CNC-01,Afternoon,Power Failure,23
798,2023-07-21,WELD-01,Night,Quality Rejection,75
799,2023-07-21,WELD-01,Morning,Material Shortage,21
800,2023-07-21,WELD-01,Night,Power Failure,18
801,2023-07-22,LATHE-02,Morning,Operator Absence,48
802,2023-07-23,CNC-01,Morning,Material Shortage,9
803,2023-07-23,CNC-01,Night,Quality Rejection,66
804,2023-07-23,WELD-02,Morning,Operator Absence,88
805,2023-07-23,WELD-02,Night,Quality Rejection,22
806,2023-07-23,WELD-02,Morning,Planned Maintenance,72
807,2023-07-24,WELD-01,Afternoon,Planned Maintenance,58
808,2023-07-24,WELD-01,Morning,Operator Absence,73
809,2023-07-24,WELD-01,Morning,Power Failure,75
810,2023-07-24,LATHE-01,Night,Unplanned Breakdown,76
811,2023-07-24,LATHE-01,Afternoon,Planned Maintenance,19
812,2023-07-24,LATHE-01,Morning,Operator Absence,61
813,2023-07-24,CNC-02,Night,Tooling Change,11
814,2023-07-24,LATHE-02,Afternoon,Power Failure,15
815,2023-07-24,LATHE-02,Night,Planned Maintenance,30
816,2023-07-24,LATHE-02,Night,Planned Maintenance,29
817,2023-07-25,CNC-01,Afternoon,Unplanned Breakdown,90
818,2023-07-25,CNC-01,Morning,Operator Absence,55
819,2023-07-26,WELD-01,Night,Power Failure,41
820,2023-07-26,WELD-01,Night,Operator Absence,46
821,2023-07-26,WELD-01,Night,Tooling Change,84
822,2023-07-26,LATHE-01,Morning,Unplanned Breakdown,13
823,2023-07-27,CNC-02,Night,Power Failure,24
824,2023-07-27,PRESS-01,Morning,Quality Rejection,27
825,2023-07-27,CNC-01,Night,Unplanned Breakdown,90
826,2023-07-27,CNC-01,Afternoon,Planned Maintenance,46
827,2023-07-27,CNC-01,Afternoon,Quality Rejection,19
828,2023-07-27,LATHE-01,Night,Power Failure,75
829,2023-07-28,LATHE-02,Morning,Quality Rejection,87
830,2023-07-28,LATHE-01,Afternoon,Quality Rejection,44
831,2023-07-28,LATHE-01,Afternoon,Quality Rejection,39
832,2023-07-28,LATHE-01,Morning,Operator Absence,11
833,2023-07-28,WELD-01,Afternoon,Unplanned Breakdown,39
834,2023-07-29,LATHE-02,Afternoon,Tooling Change,49
835,2023-07-29,LATHE-02,Afternoon,Tooling Change,88
836,2023-07-29,LATHE-02,Afternoon,Power Failure,7
837,2023-07-29,PRESS-01,Morning,Quality Rejection,74
838,2023-07-29,PRESS-01,Afternoon,Planned Maintenance,68
839,2023-07-29,CNC-02,Morning,Quality Rejection,64
840,2023-07-29,CNC-02,Morning,Tooling Change,79
841,2023-07-29,CNC-02,Morning,Operator Absence,29
842,2023-07-30,WELD-01,Night,Tooling Change,51
843,2023-07-31,LATHE-01,Morning,Planned Maintenance,31
844,2023-08-01,WELD-01,Morning,Planned Maintenance,38
845,2023-08-01,WELD-01,Morning,Material Shortage,11
846,2023-08-01,WELD-01,Morning,Planned Maintenance,56
847,2023-08-01,LATHE-02,Afternoon,Unplanned Breakdown,31
848,2023-08-02,CNC-02,Afternoon,Tooling Change,14
849,2023-08-02,WELD-02,Afternoon,Operator Absence,21
850,2023-08-02,WELD-02,Morning,Planned Maintenance,34
851,2023-08-02,LATHE-02,Afternoon,Planned Maintenance,17
852,2023-08-02,LATHE-02,Morning,Unplanned Breakdown,75
853,2023-08-02,LATHE-02,Morning,Planned Maintenance,18
854,2023-08-02,CNC-01,Night,Operator Absence,15
855,2023-08-02,CNC-01,Night,Power Failure,20
856,2023-08-02,CNC-01,Afternoon,Material Shortage,79
857,2023-08-03,LATHE-01,Night,Planned Maintenance,8
858,2023-08-03,LATHE-01,Night,Planned Maintenance,81
859,2023-08-03,WELD-02,Afternoon,Power Failure,57
860,2023-08-03,WELD-02,Night,Material Shortage,34
861,2023-08-04,WELD-02,Night,Material Shortage,51
862,2023-08-05,WELD-02,Morning,Unplanned Breakdown,38
863,2023-08-05,CNC-02,Night,Power Failure,28
864,2023-08-05,LATHE-01,Morning,Planned Maintenance,66
865,2023-08-05,LATHE-01,Afternoon,Material Shortage,55
866,2023-08-05,LATHE-01,Morning,Unplanned Breakdown,59
867,2023-08-06,PRESS-01,Afternoon,Operator Absence,62
868,2023-08-06,PRESS-01,Morning,Tooling Change,41
869,2023-08-06,CNC-02,Morning,Material Shortage,79
870,2023-08-06,CNC-02,Morning,Operator Absence,65
871,2023-08-06,WELD-01,Morning,Unplanned Breakdown,29
872,2023-08-06,WELD-01,Night,Quality Rejection,68
873,2023-08-07,WELD-01,Afternoon,Quality Rejection,20
874,2023-08-07,WELD-01,Night,Quality Rejection,64
875,2023-08-07,WELD-01,Night,Power Failure,72
876,2023-08-07,LATHE-01,Morning,Planned Maintenance,75
877,2023-08-07,LATHE-01,Morning,Material Shortage,66
878,2023-08-07,LATHE-01,Morning,Planned Maintenance,19
879,2023-08-07,CNC-02,Night,Material Shortage,25
880,2023-08-07,CNC-02,Morning,Material Shortage,19
881,2023-08-08,LATHE-01,Morning,Tooling Change,32
882,2023-08-08,LATHE-01,Afternoon,Planned Maintenance,31
883,2023-08-08,LATHE-01,Night,Material Shortage,65
884,2023-08-09,LATHE-02,Morning,Quality Rejection,88
885,2023-08-09,LATHE-02,Afternoon,Tooling Change,50
886,2023-08-09,LATHE-01,Morning,Planned Maintenance,37
887,2023-08-10,LATHE-02,Morning,Tooling Change,18
888,2023-08-10,LATHE-02,Morning,Planned Maintenance,9
889,2023-08-10,LATHE-02,Afternoon,Unplanned Breakdown,21
890,2023-08-10,CNC-01,Night,Quality Rejection,16
891,2023-08-10,WELD-01,Morning,Unplanned Breakdown,25
892,2023-08-10,WELD-01,Afternoon,Quality Rejection,45
893,2023-08-10,WELD-01,Afternoon,Power Failure,53
894,2023-08-11,CNC-01,Morning,Power Failure,42
895,2023-08-11,CNC-01,Night,Planned Maintenance,56
896,2023-08-11,WELD-01,Morning,Power Failure,75
897,2023-08-11,WELD-01,Morning,Planned Maintenance,42
898,2023-08-11,WELD-01,Afternoon,Unplanned Breakdown,58
899,2023-08-11,PRESS-01,Afternoon,Tooling Change,27
900,2023-08-11,PRESS-01,Morning,Material Shortage,13
901,2023-08-12,LATHE-01,Night,Unplanned Breakdown,40
902,2023-08-12,WELD-02,Morning,Tooling Change,34
903,2023-08-12,LATHE-02,Morning,Tooling Change,42
904,2023-08-12,LATHE-02,Morning,Operator Absence,14
905,2023-08-12,LATHE-02,Afternoon,Operator Absence,70
906,2023-08-13,PRESS-01,Night,Tooling Change,17
907,2023-08-13,PRESS-01,Night,Unplanned Breakdown,48
908,2023-08-13,WELD-02,Night,Operator Absence,40
909,2023-08-14,LATHE-01,Afternoon,Material Shortage,59
910,2023-08-14,LATHE-01,Morning,Planned Maintenance,29
911,2023-08-14,CNC-02,Night,Power Failure,39
912,2023-08-14,CNC-02,Morning,Operator Absence,45
913,2023-08-14,CNC-02,Afternoon,Tooling Change,9
914,2023-08-14,CNC-01,Morning,Tooling Change,18
915,2023-08-14,CNC-01,Afternoon,Tooling Change,32
916,2023-08-15,WELD-01,Afternoon,Tooling Change,87
917,2023-08-15,WELD-01,Night,Planned Maintenance,35
918,2023-08-16,PRESS-01,Night,Tooling Change,78
919,2023-08-16,PRESS-01,Afternoon,Tooling Change,46
920,2023-08-16,PRESS-01,Morning,Planned Maintenance,53
921,2023-08-16,WELD-02,Afternoon,Planned Maintenance,6
922,2023-08-16,CNC-01,Afternoon,Tooling Change,86
923,2023-08-16,CNC-01,Afternoon,Material Shortage,41
924,2023-08-16,LATHE-02,Morning,Material Shortage,35
925,2023-08-16,LATHE-02,Afternoon,Tooling Change,33
926,2023-08-16,LATHE-02,Night,Operator Absence,88
927,2023-08-17,LATHE-02,Morning,Tooling Change,9
928,2023-08-17,LATHE-02,Night,Power Failure,59
929,2023-08-17,LATHE-02,Morning,Power Failure,51
930,2023-08-17,PRESS-01,Morning,Tooling Change,35
931,2023-08-17,PRESS-01,Afternoon,Planned Maintenance,66
932,2023-08-18,CNC-01,Morning,Tooling Change,7
933,2023-08-18,CNC-01,Night,Material Shortage,19
934,2023-08-18,CNC-01,Afternoon,Quality Rejection,84
935,2023-08-18,PRESS-01,Night,Planned Maintenance,39
936,2023-08-18,PRESS-01,Afternoon,Unplanned Breakdown,84
937,2023-08-18,PRESS-01,Morning,Material Shortage,77
938,2023-08-18,CNC-02,Night,Material Shortage,9
939,2023-08-18,CNC-02,Night,Unplanned Breakdown,66
940,2023-08-19,PRESS-01,Night,Unplanned Breakdown,62
941,2023-08-19,PRESS-01,Afternoon,Quality Rejection,54
942,2023-08-20,LATHE-02,Night,Tooling Change,82
943,2023-08-21,LATHE-01,Morning,Planned Maintenance,86
944,2023-08-21,LATHE-01,Afternoon,Power Failure,81
945,2023-08-21,LATHE-01,Morning,Power Failure,39
946,2023-08-21,CNC-01,Night,Operator Absence,27
947,2023-08-21,CNC-01,Night,Quality Rejection,70
948,2023-08-21,CNC-01,Night,Quality Rejection,8
949,2023-08-22,LATHE-02,Morning,Unplanned Breakdown,16
950,2023-08-23,LATHE-02,Morning,Quality Rejection,82
951,2023-08-23,LATHE-02,Morning,Unplanned Breakdown,24
952,2023-08-24,CNC-01,Afternoon,Operator Absence,54
953,2023-08-24,CNC-01,Afternoon,Planned Maintenance,22
954,2023-08-24,CNC-02,Afternoon,Power Failure,71
955,2023-08-25,LATHE-02,Morning,Material Shortage,16
956,2023-08-25,LATHE-02,Afternoon,Tooling Change,27
957,2023-08-25,CNC-02,Morning,Unplanned Breakdown,29
958,2023-08-25,CNC-02,Night,Operator Absence,45
959,2023-08-25,CNC-02,Night,Operator Absence,34
960,2023-08-25,WELD-01,Morning,Tooling Change,28
961,2023-08-25,WELD-01,Night,Unplanned Breakdown,44
962,2023-08-26,PRESS-01,Morning,Operator Absence,28
963,2023-08-26,PRESS-01,Morning,Operator Absence,81
964,2023-08-27,CNC-01,Night,Tooling Change,13
965,2023-08-27,CNC-01,Afternoon,Unplanned Breakdown,83
966,2023-08-27,CNC-01,Morning,Power Failure,48
967,2023-08-27,LATHE-01,Morning,Tooling Change,77
968,2023-08-27,LATHE-01,Morning,Power Failure,47
969,2023-08-28,LATHE-01,Night,Power Failure,68
970,2023-08-28,LATHE-01,Morning,Operator Absence,82
971,2023-08-28,LATHE-01,Night,Power Failure,42
972,2023-08-28,WELD-01,Morning,Operator Absence,67
973,2023-08-28,PRESS-01,Morning,Unplanned Breakdown,63
974,2023-08-28,PRESS-01,Night,Tooling Change,71
975,2023-08-30,CNC-02,Morning,Planned Maintenance,46
976,2023-08-31,CNC-02,Morning,Planned Maintenance,11
977,2023-09-01,LATHE-01,Afternoon,Quality Rejection,38
978,2023-09-01,CNC-02,Afternoon,Tooling Change,72
979,2023-09-01,CNC-02,Morning,Unplanned Breakdown,18
980,2023-09-01,WELD-02,Morning,Unplanned Breakdown,21
981,2023-09-01,CNC-01,Night,Operator Absence,9
982,2023-09-02,PRESS-01,Night,Quality Rejection,12
983,2023-09-02,PRESS-01,Morning,Quality Rejection,43
984,2023-09-02,PRESS-01,Morning,Operator Absence,18
985,2023-09-03,PRESS-01,Night,Unplanned Breakdown,66
986,2023-09-03,WELD-02,Afternoon,Power Failure,19
987,2023-09-05,LATHE-02,Night,Unplanned Breakdown,18
988,2023-09-05,LATHE-02,Afternoon,Power Failure,14
989,2023-09-05,CNC-01,Night,Quality Rejection,39
990,2023-09-05,CNC-01,Night,Power Failure,74
991,2023-09-06,PRESS-01,Night,Material Shortage,61
992,2023-09-06,CNC-01,Night,Planned Maintenance,34
993,2023-09-06,CNC-01,Morning,Power Failure,17
994,2023-09-06,CNC-01,Afternoon,Planned Maintenance,31
995,2023-09-07,PRESS-01,Afternoon,Material Shortage,44
996,2023-09-07,LATHE-01,Afternoon,Power Failure,8
997,2023-09-07,LATHE-01,Morning,Planned Maintenance,67
998,2023-09-07,LATHE-02,Afternoon,Material Shortage,34
999,2023-09-07,LATHE-02,Night,Quality Rejection,88
1000,2023-09-08,WELD-02,Night,Planned Maintenance,75
1001,2023-09-08,WELD-02,Morning,Power Failure,90
1002,2023-09-09,PRESS-01,Afternoon,Planned Maintenance,71
1003,2023-09-09,WELD-01,Afternoon,Operator Absence,73
1004,2023-09-10,PRESS-01,Morning,Operator Absence,50
1005,2023-09-10,PRESS-01,Afternoon,Operator Absence,13
1006,2023-09-10,PRESS-01,Morning,Material Shortage,42
1007,2023-09-10,WELD-02,Night,Planned Maintenance,32
1008,2023-09-10,CNC-02,Afternoon,Operator Absence,7
1009,2023-09-10,CNC-02,Night,Operator Absence,58
1010,2023-09-10,CNC-02,Night,Tooling Change,12
1011,2023-09-10,LATHE-01,Morning,Planned Maintenance,32
1012,2023-09-10,LATHE-01,Night,Power Failure,17
1013,2023-09-10,LATHE-01,Night,Operator Absence,13
1014,2023-09-11,CNC-01,Night,Unplanned Breakdown,48
1015,2023-09-11,CNC-01,Night,Unplanned Breakdown,8
1016,2023-09-12,CNC-02,Morning,Operator Absence,12
1017,2023-09-12,CNC-02,Night,Planned Maintenance,68
1018,2023-09-12,WELD-01,Morning,Operator Absence,6
1019,2023-09-12,WELD-01,Night,Tooling Change,78
1020,2023-09-12,WELD-01,Morning,Operator Absence,32
1021,2023-09-12,WELD-02,Morning,Material Shortage,11
1022,2023-09-13,PRESS-01,Morning,Operator Absence,23
1023,2023-09-13,PRESS-01,Afternoon,Operator Absence,28
1024,2023-09-13,PRESS-01,Morning,Material Shortage,43
1025,2023-09-13,CNC-02,Afternoon,Operator Absence,76
1026,2023-09-13,CNC-02,Morning,Material Shortage,36
1027,2023-09-13,CNC-02,Morning,Power Failure,46
1028,2023-09-13,CNC-01,Morning,Quality Rejection,47
1029,2023-09-13,CNC-01,Night,Planned Maintenance,89
1030,2023-09-13,CNC-01,Night,Unplanned Breakdown,47
1031,2023-09-14,WELD-02,Afternoon,Unplanned Breakdown,8
1032,2023-09-14,PRESS-01,Night,Power Failure,66
1033,2023-09-14,PRESS-01,Night,Planned Maintenance,89
1034,2023-09-14,CNC-01,Night,Tooling Change,45
1035,2023-09-15,CNC-01,Night,Material Shortage,74
1036,2023-09-15,CNC-01,Afternoon,Operator Absence,40
1037,2023-09-15,CNC-01,Night,Operator Absence,46
1038,2023-09-15,WELD-02,Afternoon,Unplanned Breakdown,38
1039,2023-09-15,WELD-02,Afternoon,Material Shortage,9
1040,2023-09-15,WELD-02,Night,Material Shortage,12
1041,2023-09-16,LATHE-01,Afternoon,Power Failure,58
1042,2023-09-16,LATHE-01,Morning,Quality Rejection,40
1043,2023-09-17,CNC-01,Afternoon,Power Failure,87
1044,2023-09-17,CNC-01,Night,Tooling Change,45
1045,2023-09-17,CNC-01,Night,Unplanned Breakdown,81
1046,2023-09-18,CNC-01,Night,Planned Maintenance,37
1047,2023-09-19,CNC-01,Afternoon,Planned Maintenance,85
1048,2023-09-19,CNC-01,Morning,Power Failure,78
1049,2023-09-19,CNC-01,Afternoon,Operator Absence,37
1050,2023-09-19,LATHE-01,Night,Material Shortage,44
1051,2023-09-19,LATHE-01,Morning,Planned Maintenance,5
1052,2023-09-21,LATHE-01,Afternoon,Material Shortage,37
1053,2023-09-21,LATHE-01,Afternoon,Operator Absence,84
1054,2023-09-21,LATHE-01,Morning,Material Shortage,72
1055,2023-09-22,CNC-02,Night,Quality Rejection,75
1056,2023-09-22,CNC-02,Afternoon,Operator Absence,23
1057,2023-09-22,WELD-02,Afternoon,Operator Absence,22
1058,2023-09-22,WELD-02,Morning,Planned Maintenance,59
1059,2023-09-22,WELD-02,Night,Planned Maintenance,29
1060,2023-09-22,LATHE-02,Afternoon,Tooling Change,82
1061,2023-09-22,LATHE-02,Morning,Quality Rejection,15
1062,2023-09-22,LATHE-02,Morning,Tooling Change,19
1063,2023-09-23,WELD-02,Morning,Tooling Change,50
1064,2023-09-23,WELD-02,Afternoon,Planned Maintenance,89
1065,2023-09-23,WELD-02,Night,Planned Maintenance,76
1066,2023-09-24,LATHE-01,Morning,Material Shortage,35
1067,2023-09-24,LATHE-01,Afternoon,Power Failure,7
1068,2023-09-25,LATHE-01,Night,Tooling Change,66
1069,2023-09-25,LATHE-01,Morning,Power Failure,54
1070,2023-09-25,LATHE-01,Night,Planned Maintenance,17
1071,2023-09-25,CNC-01,Night,Unplanned Breakdown,25
1072,2023-09-25,WELD-02,Afternoon,Planned Maintenance,56
1073,2023-09-25,WELD-02,Afternoon,Material Shortage,25
1074,2023-09-25,WELD-02,Morning,Operator Absence,53
1075,2023-09-26,LATHE-01,Afternoon,Power Failure,41
1076,2023-09-26,LATHE-01,Night,Quality Rejection,87
1077,2023-09-26,LATHE-01,Afternoon,Tooling Change,28
1078,2023-09-26,WELD-02,Night,Quality Rejection,15
1079,2023-09-26,WELD-02,Morning,Quality Rejection,34
1080,2023-09-27,WELD-02,Night,Unplanned Breakdown,61
1081,2023-09-28,WELD-01,Night,Unplanned Breakdown,81
1082,2023-09-28,WELD-01,Afternoon,Tooling Change,79
1083,2023-09-28,WELD-01,Night,Planned Maintenance,46
1084,2023-09-28,WELD-02,Night,Quality Rejection,43
1085,2023-09-28,WELD-02,Morning,Planned Maintenance,44
1086,2023-09-28,LATHE-01,Afternoon,Power Failure,54
1087,2023-09-28,LATHE-01,Afternoon,Operator Absence,74
1088,2023-09-29,WELD-02,Night,Material Shortage,87
1089,2023-09-29,PRESS-01,Morning,Tooling Change,76
1090,2023-09-29,PRESS-01,Morning,Operator Absence,66
1091,2023-09-29,PRESS-01,Night,Tooling Change,55
1092,2023-09-30,LATHE-02,Night,Planned Maintenance,62
1093,2023-09-30,LATHE-01,Afternoon,Power Failure,36
1094,2023-09-30,LATHE-01,Afternoon,Planned Maintenance,23
1095,2023-09-30,WELD-02,Afternoon,Unplanned Breakdown,20
1096,2023-09-30,WELD-02,Night,Operator Absence,73
1097,2023-09-30,WELD-02,Afternoon,Operator Absence,44
1098,2023-10-01,WELD-01,Morning,Operator Absence,51
1099,2023-10-01,CNC-01,Afternoon,Quality Rejection,21
1100,2023-10-01,CNC-01,Night,Quality Rejection,89
1101,2023-10-02,CNC-01,Afternoon,Power Failure,79
1102,2023-10-02,CNC-01,Night,Power Failure,6
1103,2023-10-02,CNC-01,Afternoon,Power Failure,50
1104,2023-10-02,LATHE-02,Night,Planned Maintenance,45
1105,2023-10-02,LATHE-02,Night,Material Shortage,8
1106,2023-10-02,LATHE-02,Afternoon,Tooling Change,88
1107,2023-10-03,WELD-02,Morning,Tooling Change,67
1108,2023-10-03,WELD-02,Afternoon,Power Failure,43
1109,2023-10-03,WELD-02,Afternoon,Operator Absence,62
1110,2023-10-04,CNC-01,Morning,Material Shortage,12
1111,2023-10-04,CNC-01,Night,Planned Maintenance,7
1112,2023-10-04,CNC-01,Afternoon,Material Shortage,51
1113,2023-10-04,LATHE-01,Afternoon,Planned Maintenance,84
1114,2023-10-04,LATHE-01,Night,Tooling Change,86
1115,2023-10-04,LATHE-02,Afternoon,Unplanned Breakdown,63
1116,2023-10-04,LATHE-02,Afternoon,Tooling Change,52
1117,2023-10-05,LATHE-02,Afternoon,Material Shortage,75
1118,2023-10-05,LATHE-02,Night,Material Shortage,48
1119,2023-10-05,LATHE-01,Night,Operator Absence,54
1120,2023-10-05,LATHE-01,Morning,Power Failure,31
1121,2023-10-05,LATHE-01,Night,Material Shortage,48
1122,2023-10-06,CNC-01,Night,Material Shortage,8
1123,2023-10-06,CNC-01,Morning,Tooling Change,32
1124,2023-10-06,WELD-01,Afternoon,Tooling Change,25
1125,2023-10-06,WELD-01,Morning,Quality Rejection,65
1126,2023-10-06,WELD-01,Night,Tooling Change,85
1127,2023-10-07,LATHE-02,Night,Operator Absence,69
1128,2023-10-07,LATHE-02,Night,Quality Rejection,12
1129,2023-10-07,WELD-02,Night,Tooling Change,25
1130,2023-10-07,WELD-02,Afternoon,Planned Maintenance,59
1131,2023-10-08,WELD-02,Afternoon,Tooling Change,64
1132,2023-10-09,LATHE-01,Night,Material Shortage,30
1133,2023-10-09,LATHE-01,Morning,Operator Absence,10
1134,2023-10-09,PRESS-01,Afternoon,Material Shortage,18
1135,2023-10-09,PRESS-01,Afternoon,Operator Absence,33
1136,2023-10-09,PRESS-01,Night,Quality Rejection,64
1137,2023-10-09,CNC-02,Afternoon,Operator Absence,22
1138,2023-10-09,CNC-02,Afternoon,Material Shortage,18
1139,2023-10-11,WELD-01,Afternoon,Quality Rejection,27
1140,2023-10-11,WELD-01,Afternoon,Planned Maintenance,27
1141,2023-10-11,WELD-01,Afternoon,Quality Rejection,17
1142,2023-10-11,LATHE-01,Night,Operator Absence,59
1143,2023-10-11,LATHE-01,Morning,Operator Absence,72
1144,2023-10-12,CNC-02,Morning,Planned Maintenance,90
1145,2023-10-12,CNC-02,Morning,Unplanned Breakdown,72
1146,2023-10-12,CNC-02,Night,Material Shortage,32
1147,2023-10-13,CNC-02,Morning,Power Failure,34
1148,2023-10-13,CNC-02,Night,Power Failure,60
1149,2023-10-13,LATHE-02,Night,Material Shortage,40
1150,2023-10-15,WELD-01,Night,Material Shortage,78
1151,2023-10-15,WELD-01,Night,Planned Maintenance,83
1152,2023-10-15,WELD-01,Night,Tooling Change,20
1153,2023-10-16,PRESS-01,Morning,Unplanned Breakdown,38
1154,2023-10-16,PRESS-01,Morning,Quality Rejection,13
1155,2023-10-16,PRESS-01,Night,Operator Absence,24
1156,2023-10-17,LATHE-02,Morning,Tooling Change,17
1157,2023-10-17,LATHE-02,Morning,Power Failure,23
1158,2023-10-17,LATHE-01,Night,Power Failure,34
1159,2023-10-18,PRESS-01,Night,Material Shortage,87
1160,2023-10-18,PRESS-01,Morning,Quality Rejection,24
1161,2023-10-18,PRESS-01,Morning,Quality Rejection,42
1162,2023-10-18,LATHE-02,Afternoon,Power Failure,66
1163,2023-10-18,WELD-01,Night,Quality Rejection,25
1164,2023-10-18,WELD-01,Afternoon,Unplanned Breakdown,43
1165,2023-10-19,WELD-01,Night,Unplanned Breakdown,11
1166,2023-10-19,WELD-01,Night,Unplanned Breakdown,6
1167,2023-10-19,LATHE-02,Morning,Tooling Change,65
1168,2023-10-19,LATHE-02,Afternoon,Quality Rejection,15
1169,2023-10-19,LATHE-02,Morning,Operator Absence,31
1170,2023-10-19,CNC-02,Morning,Power Failure,50
1171,2023-10-19,LATHE-01,Morning,Unplanned Breakdown,50
1172,2023-10-19,LATHE-01,Afternoon,Quality Rejection,59
1173,2023-10-20,LATHE-01,Morning,Tooling Change,70
1174,2023-10-20,LATHE-01,Morning,Operator Absence,64
1175,2023-10-20,WELD-01,Night,Unplanned Breakdown,67
1176,2023-10-20,WELD-01,Night,Quality Rejection,70
1177,2023-10-20,WELD-01,Afternoon,Power Failure,77
1178,2023-10-21,WELD-02,Afternoon,Operator Absence,72
1179,2023-10-22,PRESS-01,Afternoon,Power Failure,37
1180,2023-10-22,PRESS-01,Afternoon,Quality Rejection,73
1181,2023-10-22,PRESS-01,Morning,Material Shortage,15
1182,2023-10-23,LATHE-02,Morning,Power Failure,45
1183,2023-10-23,LATHE-02,Morning,Tooling Change,41
1184,2023-10-23,LATHE-02,Afternoon,Unplanned Breakdown,45
1185,2023-10-23,WELD-02,Afternoon,Planned Maintenance,7
1186,2023-10-24,CNC-01,Night,Planned Maintenance,18
1187,2023-10-24,CNC-01,Night,Power Failure,22
1188,2023-10-24,CNC-01,Morning,Power Failure,40
1189,2023-10-24,WELD-01,Morning,Unplanned Breakdown,63
1190,2023-10-24,WELD-02,Afternoon,Quality Rejection,51
1191,2023-10-24,WELD-02,Afternoon,Quality Rejection,17
1192,2023-10-24,WELD-02,Morning,Power Failure,55
1193,2023-10-25,LATHE-01,Morning,Planned Maintenance,52
1194,2023-10-26,WELD-01,Afternoon,Material Shortage,70
1195,2023-10-26,WELD-01,Afternoon,Power Failure,55
1196,2023-10-27,CNC-01,Night,Planned Maintenance,12
1197,2023-10-27,CNC-01,Night,Tooling Change,13
1198,2023-10-27,CNC-01,Afternoon,Quality Rejection,64
1199,2023-10-27,CNC-02,Afternoon,Material Shortage,16
1200,2023-10-28,CNC-01,Night,Tooling Change,18
1201,2023-10-28,LATHE-02,Afternoon,Unplanned Breakdown,32
1202,2023-10-28,LATHE-02,Night,Operator Absence,35
1203,2023-10-28,LATHE-02,Night,Planned Maintenance,86
1204,2023-10-29,WELD-01,Morning,Operator Absence,77
1205,2023-10-29,WELD-01,Morning,Power Failure,25
1206,2023-10-30,WELD-02,Morning,Operator Absence,6
1207,2023-10-30,WELD-02,Morning,Quality Rejection,14
1208,2023-10-30,CNC-02,Afternoon,Power Failure,47
1209,2023-10-30,CNC-02,Afternoon,Operator Absence,80
1210,2023-10-30,CNC-02,Morning,Tooling Change,11
1211,2023-10-31,WELD-02,Night,Tooling Change,48
1212,2023-10-31,LATHE-01,Morning,Planned Maintenance,65
1213,2023-10-31,LATHE-01,Night,Power Failure,76
1214,2023-11-02,LATHE-01,Morning,Tooling Change,36
1215,2023-11-02,LATHE-01,Night,Material Shortage,19
1216,2023-11-02,CNC-01,Morning,Operator Absence,12
1217,2023-11-02,CNC-01,Night,Power Failure,56
1218,2023-11-02,CNC-01,Night,Power Failure,29
1219,2023-11-02,WELD-01,Afternoon,Quality Rejection,68
1220,2023-11-02,WELD-01,Afternoon,Planned Maintenance,60
1221,2023-11-03,LATHE-01,Afternoon,Operator Absence,24
1222,2023-11-03,LATHE-01,Morning,Power Failure,49
1223,2023-11-03,LATHE-01,Morning,Unplanned Breakdown,39
1224,2023-11-03,PRESS-01,Afternoon,Power Failure,56
1225,2023-11-03,PRESS-01,Afternoon,Quality Rejection,12
1226,2023-11-03,WELD-02,Night,Tooling Change,89
1227,2023-11-03,WELD-02,Afternoon,Power Failure,69
1228,2023-11-04,WELD-02,Afternoon,Planned Maintenance,48
1229,2023-11-04,WELD-02,Morning,Operator Absence,71
1230,2023-11-04,WELD-02,Morning,Power Failure,68
1231,2023-11-06,LATHE-01,Afternoon,Material Shortage,90
1232,2023-11-06,LATHE-01,Morning,Quality Rejection,67
1233,2023-11-06,LATHE-01,Afternoon,Operator Absence,26
1234,2023-11-06,PRESS-01,Morning,Material Shortage,46
1235,2023-11-06,PRESS-01,Night,Material Shortage,39
1236,2023-11-06,PRESS-01,Afternoon,Material Shortage,16
1237,2023-11-06,WELD-02,Afternoon,Power Failure,84
1238,2023-11-07,WELD-01,Morning,Quality Rejection,85
1239,2023-11-07,WELD-01,Morning,Tooling Change,73
1240,2023-11-07,WELD-01,Morning,Planned Maintenance,49
1241,2023-11-07,LATHE-02,Morning,Operator Absence,20
1242,2023-11-07,LATHE-02,Night,Tooling Change,90
1243,2023-11-08,WELD-02,Afternoon,Unplanned Breakdown,10
1244,2023-11-08,WELD-02,Morning,Operator Absence,37
1245,2023-11-08,WELD-02,Night,Quality Rejection,77
1246,2023-11-08,LATHE-02,Morning,Operator Absence,24
1247,2023-11-08,LATHE-02,Night,Quality Rejection,53
1248,2023-11-09,CNC-01,Afternoon,Material Shortage,33
1249,2023-11-09,CNC-01,Afternoon,Unplanned Breakdown,78
1250,2023-11-09,WELD-02,Night,Tooling Change,81
1251,2023-11-09,LATHE-02,Afternoon,Tooling Change,55
1252,2023-11-09,LATHE-02,Night,Planned Maintenance,18
1253,2023-11-09,LATHE-02,Afternoon,Planned Maintenance,45
1254,2023-11-10,CNC-01,Morning,Planned Maintenance,60
1255,2023-11-10,CNC-01,Afternoon,Power Failure,63
1256,2023-11-10,CNC-01,Night,Tooling Change,19
1257,2023-11-11,LATHE-02,Afternoon,Operator Absence,52
1258,2023-11-11,LATHE-02,Morning,Quality Rejection,60
1259,2023-11-11,PRESS-01,Afternoon,Power Failure,66
1260,2023-11-11,PRESS-01,Afternoon,Operator Absence,10
1261,2023-11-11,PRESS-01,Morning,Tooling Change,67
1262,2023-11-11,CNC-02,Night,Power Failure,27
1263,2023-11-12,PRESS-01,Morning,Tooling Change,31
1264,2023-11-12,PRESS-01,Morning,Planned Maintenance,80
1265,2023-11-13,CNC-02,Afternoon,Quality Rejection,84
1266,2023-11-13,CNC-02,Morning,Operator Absence,33
1267,2023-11-13,LATHE-02,Night,Planned Maintenance,40
1268,2023-11-13,LATHE-02,Night,Quality Rejection,72
1269,2023-11-13,LATHE-02,Morning,Tooling Change,18
1270,2023-11-14,PRESS-01,Night,Power Failure,64
1271,2023-11-14,PRESS-01,Night,Tooling Change,55
1272,2023-11-15,WELD-01,Morning,Planned Maintenance,56
1273,2023-11-15,WELD-01,Morning,Operator Absence,73
1274,2023-11-18,WELD-02,Afternoon,Planned Maintenance,35
1275,2023-11-18,WELD-02,Afternoon,Material Shortage,33
1276,2023-11-18,WELD-02,Afternoon,Quality Rejection,84
1277,2023-11-18,CNC-02,Afternoon,Operator Absence,20
1278,2023-11-18,CNC-02,Morning,Operator Absence,53
1279,2023-11-18,CNC-01,Night,Operator Absence,24
1280,2023-11-18,CNC-01,Night,Power Failure,49
1281,2023-11-18,CNC-01,Night,Unplanned Breakdown,55
1282,2023-11-19,WELD-02,Night,Operator Absence,53
1283,2023-11-19,CNC-01,Morning,Quality Rejection,23
1284,2023-11-19,CNC-02,Afternoon,Power Failure,27
1285,2023-11-19,LATHE-01,Morning,Power Failure,51
1286,2023-11-19,LATHE-01,Morning,Operator Absence,75
1287,2023-11-20,CNC-01,Night,Power Failure,31
1288,2023-11-20,CNC-01,Afternoon,Planned Maintenance,76
1289,2023-11-20,CNC-01,Morning,Tooling Change,73
1290,2023-11-20,PRESS-01,Morning,Planned Maintenance,20
1291,2023-11-20,PRESS-01,Morning,Operator Absence,86
1292,2023-11-20,LATHE-02,Night,Material Shortage,46
1293,2023-11-20,LATHE-02,Afternoon,Unplanned Breakdown,70
1294,2023-11-20,LATHE-02,Morning,Planned Maintenance,77
1295,2023-11-21,LATHE-01,Morning,Tooling Change,12
1296,2023-11-21,LATHE-01,Night,Tooling Change,45
1297,2023-11-21,LATHE-01,Morning,Tooling Change,58
1298,2023-11-22,CNC-01,Night,Power Failure,52
1299,2023-11-22,CNC-01,Afternoon,Material Shortage,5
1300,2023-11-22,CNC-01,Night,Planned Maintenance,64
1301,2023-11-22,LATHE-02,Morning,Planned Maintenance,75
1302,2023-11-22,LATHE-02,Afternoon,Planned Maintenance,38
1303,2023-11-22,LATHE-01,Night,Quality Rejection,67
1304,2023-11-23,WELD-02,Afternoon,Planned Maintenance,38
1305,2023-11-23,WELD-02,Morning,Tooling Change,29
1306,2023-11-23,WELD-02,Afternoon,Tooling Change,11
1307,2023-11-24,PRESS-01,Afternoon,Material Shortage,67
1308,2023-11-24,PRESS-01,Morning,Quality Rejection,66
1309,2023-11-25,PRESS-01,Afternoon,Material Shortage,28
1310,2023-11-25,PRESS-01,Afternoon,Unplanned Breakdown,8
1311,2023-11-26,LATHE-01,Afternoon,Material Shortage,25
1312,2023-11-26,LATHE-01,Morning,Planned Maintenance,33
1313,2023-11-26,LATHE-01,Night,Unplanned Breakdown,52
1314,2023-11-27,WELD-01,Morning,Material Shortage,47
1315,2023-11-28,CNC-01,Night,Material Shortage,6
1316,2023-11-28,CNC-01,Morning,Power Failure,20
1317,2023-11-28,LATHE-02,Night,Planned Maintenance,16
1318,2023-11-28,LATHE-02,Night,Planned Maintenance,50
1319,2023-11-28,PRESS-01,Morning,Planned Maintenance,18
1320,2023-11-28,PRESS-01,Afternoon,Material Shortage,5
1321,2023-11-29,LATHE-01,Afternoon,Operator Absence,13
1322,2023-11-29,LATHE-01,Night,Power Failure,79
1323,2023-11-30,CNC-02,Night,Quality Rejection,57
1324,2023-11-30,CNC-02,Afternoon,Quality Rejection,23
1325,2023-11-30,CNC-02,Night,Material Shortage,78
1326,2023-11-30,WELD-02,Night,Operator Absence,33
1327,2023-11-30,WELD-02,Morning,Planned Maintenance,83
1328,2023-11-30,WELD-02,Morning,Tooling Change,77
1329,2023-12-01,WELD-02,Afternoon,Operator Absence,11
1330,2023-12-01,WELD-02,Afternoon,Power Failure,30
1331,2023-12-01,WELD-02,Afternoon,Planned Maintenance,10
1332,2023-12-01,PRESS-01,Morning,Unplanned Breakdown,43
1333,2023-12-02,CNC-02,Afternoon,Quality Rejection,87
1334,2023-12-02,LATHE-01,Afternoon,Quality Rejection,60
1335,2023-12-02,CNC-01,Afternoon,Material Shortage,29
1336,2023-12-02,CNC-01,Afternoon,Material Shortage,31
1337,2023-12-03,CNC-01,Night,Quality Rejection,45
1338,2023-12-03,CNC-01,Afternoon,Operator Absence,40
1339,2023-12-04,CNC-01,Afternoon,Operator Absence,18
1340,2023-12-04,CNC-01,Night,Planned Maintenance,34
1341,2023-12-04,PRESS-01,Night,Quality Rejection,84
1342,2023-12-04,PRESS-01,Afternoon,Power Failure,66
1343,2023-12-04,PRESS-01,Morning,Tooling Change,34
1344,2023-12-05,CNC-02,Morning,Unplanned Breakdown,24
1345,2023-12-05,CNC-02,Night,Quality Rejection,33
1346,2023-12-05,CNC-01,Night,Quality Rejection,18
1347,2023-12-06,CNC-01,Morning,Material Shortage,68
1348,2023-12-06,WELD-02,Night,Operator Absence,36
1349,2023-12-06,WELD-02,Afternoon,Quality Rejection,53
1350,2023-12-07,LATHE-02,Morning,Tooling Change,54
1351,2023-12-07,CNC-01,Afternoon,Operator Absence,64
1352,2023-12-07,WELD-02,Morning,Operator Absence,59
1353,2023-12-07,WELD-02,Morning,Material Shortage,69
1354,2023-12-07,WELD-02,Afternoon,Unplanned Breakdown,31
1355,2023-12-08,WELD-02,Morning,Power Failure,30
1356,2023-12-09,PRESS-01,Morning,Quality Rejection,8
1357,2023-12-09,PRESS-01,Night,Unplanned Breakdown,79
1358,2023-12-09,PRESS-01,Afternoon,Operator Absence,42
1359,2023-12-10,WELD-01,Morning,Quality Rejection,51
1360,2023-12-10,WELD-01,Morning,Planned Maintenance,55
1361,2023-12-10,WELD-01,Night,Quality Rejection,5
1362,2023-12-11,WELD-02,Night,Tooling Change,69
1363,2023-12-11,LATHE-02,Night,Operator Absence,74
1364,2023-12-11,LATHE-02,Morning,Operator Absence,6
1365,2023-12-11,LATHE-02,Night,Tooling Change,56
1366,2023-12-12,PRESS-01,Afternoon,Unplanned Breakdown,25
1367,2023-12-12,PRESS-01,Night,Material Shortage,74
1368,2023-12-13,PRESS-01,Morning,Unplanned Breakdown,81
1369,2023-12-13,PRESS-01,Afternoon,Planned Maintenance,85
1370,2023-12-13,PRESS-01,Night,Quality Rejection,90
1371,2023-12-13,CNC-01,Afternoon,Planned Maintenance,82
1372,2023-12-13,CNC-01,Morning,Planned Maintenance,32
1373,2023-12-13,CNC-01,Morning,Quality Rejection,76
1374,2023-12-13,LATHE-02,Night,Tooling Change,38
1375,2023-12-14,PRESS-01,Afternoon,Quality Rejection,38
1376,2023-12-14,PRESS-01,Night,Quality Rejection,63
1377,2023-12-15,WELD-02,Morning,Unplanned Breakdown,73
1378,2023-12-15,WELD-02,Afternoon,Power Failure,37
1379,2023-12-16,PRESS-01,Morning,Unplanned Breakdown,54
1380,2023-12-16,WELD-01,Night,Quality Rejection,13
1381,2023-12-17,LATHE-02,Afternoon,Planned Maintenance,58
1382,2023-12-17,LATHE-02,Night,Quality Rejection,45
1383,2023-12-17,LATHE-02,Afternoon,Tooling Change,78
1384,2023-12-18,CNC-02,Morning,Power Failure,76
1385,2023-12-18,CNC-02,Afternoon,Quality Rejection,32
1386,2023-12-18,CNC-02,Night,Power Failure,27
1387,2023-12-18,WELD-01,Afternoon,Planned Maintenance,35
1388,2023-12-18,WELD-01,Afternoon,Tooling Change,21
1389,2023-12-18,CNC-01,Afternoon,Planned Maintenance,7
1390,2023-12-18,CNC-01,Afternoon,Operator Absence,47
1391,2023-12-18,CNC-01,Night,Planned Maintenance,74
1392,2023-12-19,WELD-01,Night,Planned Maintenance,30
1393,2023-12-19,WELD-01,Morning,Planned Maintenance,41
1394,2023-12-19,WELD-01,Night,Material Shortage,66
1395,2023-12-19,WELD-02,Afternoon,Operator Absence,22
1396,2023-12-19,WELD-02,Night,Material Shortage,81
1397,2023-12-19,WELD-02,Morning,Unplanned Breakdown,37
1398,2023-12-20,LATHE-02,Morning,Tooling Change,62
1399,2023-12-21,LATHE-01,Afternoon,Unplanned Breakdown,57
1400,2023-12-21,LATHE-01,Night,Material Shortage,9
1401,2023-12-21,LATHE-01,Afternoon,Quality Rejection,6
1402,2023-12-22,LATHE-01,Afternoon,Material Shortage,61
1403,2023-12-22,LATHE-01,Afternoon,Unplanned Breakdown,57
1404,2023-12-23,PRESS-01,Night,Material Shortage,70
1405,2023-12-23,PRESS-01,Afternoon,Tooling Change,59
1406,2023-12-23,PRESS-01,Afternoon,Material Shortage,21
1407,2023-12-24,CNC-02,Afternoon,Unplanned Breakdown,56
1408,2023-12-24,CNC-02,Morning,Quality Rejection,83
1409,2023-12-24,CNC-02,Morning,Operator Absence,82
1410,2023-12-24,LATHE-01,Night,Operator Absence,22
1411,2023-12-24,WELD-01,Afternoon,Planned Maintenance,83
1412,2023-12-24,WELD-01,Night,Planned Maintenance,60
1413,2023-12-24,WELD-01,Afternoon,Power Failure,17
1414,2023-12-25,CNC-01,Night,Unplanned Breakdown,61
1415,2023-12-25,CNC-02,Night,Quality Rejection,90
1416,2023-12-25,CNC-02,Morning,Quality Rejection,32
1417,2023-12-25,CNC-02,Morning,Power Failure,22
1418,2023-12-25,PRESS-01,Morning,Material Shortage,22
1419,2023-12-25,PRESS-01,Afternoon,Operator Absence,87
1420,2023-12-25,PRESS-01,Night,Tooling Change,88
1421,2023-12-26,LATHE-02,Afternoon,Material Shortage,51
1422,2023-12-26,WELD-01,Night,Quality Rejection,39
1423,2023-12-26,WELD-01,Night,Material Shortage,11
1424,2023-12-26,WELD-01,Afternoon,Tooling Change,30
1425,2023-12-27,WELD-01,Morning,Operator Absence,79
1426,2023-12-27,WELD-01,Afternoon,Unplanned Breakdown,23
1427,2023-12-29,WELD-02,Afternoon,Tooling Change,41
1428,2023-12-29,WELD-02,Night,Power Failure,9
1429,2023-12-29,WELD-02,Morning,Material Shortage,60
1430,2023-12-31,LATHE-02,Night,Quality Rejection,50
1431,2023-12-31,LATHE-02,Afternoon,Material Shortage,46
1432,2023-12-31,LATHE-02,Night,Unplanned Breakdown,44
